,Movie_Title,Release_Year,Genre,Vote_Average,Vote_Count,Budget,Revenue,TMDB_ID
0,Avengers: Age of Ultron,2015,"['Action', 'Adventure', 'Science Fiction']",7.271,23847,365000000,1405403694,99861
1,Mad Max: Fury Road,2015,"['Action', 'Adventure', 'Science Fiction']",7.627,23503,150000000,378858340,76341
2,Inside Out,2015,"['Animation', 'Family', 'Adventure', 'Drama', 'Comedy']",7.91,22917,175000000,857611174,150540
3,Jurassic World,2015,"['Action', 'Adventure', 'Science Fiction', 'Thriller']",6.7,21094,150000000,1671537444,135397
4,The Martian,2015,"['Drama', 'Adventure', 'Science Fiction']",7.69,20579,108000000,631058917,286217
5,Ant-Man,2015,"['Science Fiction', 'Action', 'Adventure']",7.067,20416,130000000,519311965,102899
6,Star Wars: The Force Awakens,2015,"['Adventure', 'Action', 'Science Fiction']",7.255,20067,245000000,2068223624,140607
7,The Revenant,2015,"['Western', 'Drama', 'Adventure']",7.537,18777,135000000,532950503,281957
8,Kingsman: The Secret Service,2015,"['Crime', 'Comedy', 'Action', 'Adventure']",7.6,17383,81000000,414351546,207703
9,The Hateful Eight,2015,"['Drama', 'Mystery', 'Western']",7.756,14806,44000000,155760117,273248
10,Ex Machina,2015,"['Drama', 'Science Fiction']",7.57,13814,15000000,36869414,264660
11,The Hunger Games: Mockingjay - Part 2,2015,"['Action', 'Adventure', 'Science Fiction']",6.899,13017,160000000,653428261,131634
12,Fifty Shades of Grey,2015,"['Drama', 'Romance', 'Thriller']",5.879,12160,40000000,569651467,216015
13,Furious 7,2015,"['Action', 'Crime', 'Thriller']",7.223,11013,190000000,1515400000,168259
14,Spectre,2015,"['Action', 'Adventure', 'Thriller']",6.6,10912,245000000,880707597,206647
15,Minions,2015,"['Family', 'Animation', 'Adventure', 'Comedy']",6.416,10877,74000000,1159457503,211672
16,Maze Runner: The Scorch Trials,2015,"['Science Fiction', 'Action', 'Thriller', 'Adventure']",6.733,10761,61000000,312296056,294254
17,Insurgent,2015,"['Action', 'Science Fiction', 'Thriller']",6.364,10235,110000000,297002527,262500
18,The Big Short,2015,"['Comedy', 'Drama']",7.358,9475,28000000,133346506,318846
19,Room,2015,"['Drama', 'Thriller']",7.998,9474,13000000,35401758,264644
20,Mission: Impossible - Rogue Nation,2015,"['Action', 'Adventure']",7.2,9379,150000000,682716636,177677
21,Sicario,2015,"['Action', 'Crime', 'Thriller']",7.415,9177,30000000,84997446,273481
22,San Andreas,2015,"['Action', 'Drama', 'Thriller']",6.245,8817,110000000,473990832,254128
23,Terminator Genisys,2015,"['Science Fiction', 'Action', 'Thriller', 'Adventure']",5.946,8725,155000000,440603537,87101
24,Spotlight,2015,"['Drama', 'History']",7.813,8536,20000000,98690254,314365
25,Chappie,2015,"['Crime', 'Action', 'Science Fiction']",6.785,8226,49000000,104399548,198184
26,Focus,2015,"['Romance', 'Comedy', 'Crime']",6.871,8093,50100000,153962963,256591
27,Pixels,2015,"['Action', 'Comedy', 'Science Fiction', 'Fantasy']",5.8,7825,88000000,244900000,257344
28,Ted 2,2015,"['Comedy', 'Fantasy']",6.3,7788,68000000,215863606,214756
29,Creed,2015,"['Drama', 'Action']",7.408,7734,37000000,173600000,312221
30,Cinderella,2015,"['Romance', 'Fantasy', 'Family', 'Drama']",6.827,7246,95000000,543514353,150689
31,Tomorrowland,2015,"['Adventure', 'Family', 'Mystery', 'Science Fiction']",6.3,7194,190000000,209200000,158852
32,Bridge of Spies,2015,"['Thriller', 'Drama']",7.236,7078,40000000,165478348,296098
33,The Intern,2015,['Comedy'],7.225,7068,35000000,194564672,257211
34,Jupiter Ascending,2015,"['Science Fiction', 'Fantasy', 'Action']",5.459,6930,176000000,184000000,76757
35,The Age of Adaline,2015,"['Romance', 'Fantasy', 'Drama']",7.5,6928,25000000,65663276,293863
36,It Follows,2015,"['Horror', 'Mystery']",6.59,6688,2300000,23374076,270303
37,The Man from U.N.C.L.E.,2015,"['Comedy', 'Action', 'Adventure']",7.082,6622,75000000,110045109,203801
38,The Lobster,2015,"['Comedy', 'Drama', 'Romance']",7.0,6606,4000000,15700000,254320
39,Fantastic Four,2015,"['Action', 'Adventure', 'Science Fiction']",4.433,6262,120000000,167977596,166424
40,Spy,2015,"['Action', 'Comedy', 'Crime']",6.833,6227,65000000,235666219,238713
41,Hotel Transylvania 2,2015,"['Animation', 'Comedy', 'Family', 'Fantasy']",6.8,5965,80000000,473200000,159824
42,The Danish Girl,2015,['Drama'],7.558,5865,15000000,64200000,306819
43,The Good Dinosaur,2015,"['Adventure', 'Animation', 'Family']",6.739,5829,175000000,332207671,105864
44,Southpaw,2015,"['Action', 'Drama']",7.365,5654,30000000,91709827,307081
45,Pitch Perfect 2,2015,"['Comedy', 'Music']",6.844,5420,29000000,287144079,254470
46,Paper Towns,2015,"['Mystery', 'Drama', 'Romance']",6.155,5121,12000000,85500000,286565
47,Crimson Peak,2015,"['Horror', 'Mystery', 'Romance']",6.7,5109,55000000,74700000,201085
48,Everest,2015,"['Adventure', 'Drama', 'History']",6.827,5077,55000000,203427584,253412
49,The Visit,2015,"['Horror', 'Thriller']",6.321,4978,5000000,98450062,298312
50,The DUFF,2015,"['Romance', 'Comedy']",6.766,4424,8500000,43528634,272693
51,Steve Jobs,2015,"['Drama', 'History']",6.8,4259,30000000,34400000,321697
52,In the Heart of the Sea,2015,"['Thriller', 'Drama', 'Adventure', 'Action', 'History']",6.8,4243,100000000,93900000,205775
53,Joy,2015,"['Drama', 'Comedy']",6.551,4205,60000000,101134059,274479
54,Home,2015,"['Fantasy', 'Comedy', 'Animation', 'Science Fiction', 'Family']",6.792,4123,135000000,368871007,228161
55,Legend,2015,"['Crime', 'Thriller']",7.055,4106,25000000,42972994,276907
56,Straight Outta Compton,2015,"['Drama', 'Music', 'History']",7.783,4075,28000000,201634991,277216
57,Goosebumps,2015,"['Adventure', 'Horror', 'Comedy']",6.3,3895,58000000,158261424,257445
58,Vacation,2015,"['Comedy', 'Adventure']",6.303,3860,31000000,104400000,296099
59,Carol,2015,"['Romance', 'Drama']",7.494,3844,11800000,40272135,258480
60,The Last Witch Hunter,2015,"['Action', 'Adventure', 'Fantasy']",6.004,3734,90000000,146936910,274854
61,Insidious: Chapter 3,2015,"['Horror', 'Thriller']",6.283,3500,10000000,120453155,280092
62,Black Mass,2015,"['Drama', 'Crime', 'History']",6.524,3483,53000000,99975678,261023
63,Burnt,2015,['Drama'],6.515,3471,20000000,36606743,295964
64,Knock Knock,2015,"['Horror', 'Thriller']",5.391,3370,10000000,6341684,263472
65,The Gift,2015,"['Thriller', 'Mystery', 'Drama']",6.695,3369,5000000,58978653,328425
66,Daddy's Home,2015,['Comedy'],6.292,3321,50000000,242786137,274167
67,The Walk,2015,"['History', 'Drama', 'Adventure']",6.995,3296,35000000,61181942,285783
68,The Longest Ride,2015,"['Drama', 'Romance']",7.627,3254,34000000,63013281,228205
69,Self/less,2015,"['Science Fiction', 'Action', 'Thriller']",6.412,3209,26000000,31807156,238615
70,Brooklyn,2015,"['Romance', 'Drama', 'History']",7.31,3186,11000000,62076141,167073
71,Hitman: Agent 47,2015,"['Action', 'Crime', 'Thriller']",5.886,3176,35000000,81967450,249070
72,Run All Night,2015,"['Action', 'Crime', 'Thriller']",6.427,2889,50000000,71561644,241554
73,The Little Prince,2015,"['Adventure', 'Animation', 'Fantasy', 'Family']",7.611,2886,64000000,97571250,309809
74,American Ultra,2015,"['Action', 'Comedy']",6.09,2873,28000000,27100000,261392
75,Get Hard,2015,['Comedy'],6.0,2806,40000000,111800000,257091
76,Pan,2015,"['Fantasy', 'Adventure', 'Family', 'Action']",5.957,2791,150000000,128388320,266647
77,Project Almanac,2015,"['Science Fiction', 'Thriller']",6.787,2741,12000000,33200000,227719
78,Mortdecai,2015,"['Comedy', 'Adventure']",5.515,2701,60000000,47318560,210860
79,Me and Earl and the Dying Girl,2015,"['Drama', 'Comedy']",7.53,2672,0,0,308369
80,Trainwreck,2015,"['Comedy', 'Romance']",5.797,2656,35000000,140795793,271718
81,Concussion,2015,['Drama'],7.079,2649,35000000,50400000,321741
82,No Escape,2015,"['Thriller', 'Action']",6.947,2636,5000000,54400000,192141
83,Love,2015,"['Drama', 'Romance']",6.449,2594,3000000,249083,292431
84,Hardcore Henry,2015,"['Action', 'Adventure', 'Science Fiction']",6.392,2547,2000000,16810562,325348
85,The SpongeBob Movie: Sponge Out of Water,2015,"['Family', 'Comedy', 'Adventure', 'Animation', 'Fantasy']",6.089,2451,74000000,311594032,228165
86,Descendants,2015,"['Family', 'Adventure', 'Fantasy', 'TV Movie', 'Music']",7.149,2444,0,0,277217
87,Irrational Man,2015,"['Drama', 'Comedy']",6.525,2425,11000000,27391084,282984
88,Bone Tomahawk,2015,"['Western', 'Horror', 'Drama']",6.875,2412,1800000,475846,294963
89,We Are Your Friends,2015,"['Drama', 'Music', 'Romance', 'Comedy']",6.786,2400,6000000,11100000,301351
90,Point Break,2015,"['Action', 'Adventure', 'Crime', 'Thriller']",5.955,2377,105000000,133782481,257088
91,Poltergeist,2015,['Horror'],5.219,2347,35000000,95682614,243688
92,Solace,2015,"['Thriller', 'Crime', 'Mystery']",6.4,2310,0,22586863,339527
93,Krampus,2015,"['Horror', 'Comedy', 'Fantasy']",6.191,2302,15000000,61800000,287903
94,Sinister 2,2015,['Horror'],5.883,2223,10000000,53329150,283445
95,Victor Frankenstein,2015,"['Drama', 'Science Fiction', 'Thriller']",5.949,2201,40000000,34200000,228066
96,Youth,2015,"['Comedy', 'Drama', 'Romance']",6.896,2143,13360000,2000000,310593
97,Blackhat,2015,"['Crime', 'Thriller', 'Action']",5.5,2117,70000000,17752940,201088
98,Aloha,2015,"['Drama', 'Comedy', 'Romance']",5.513,2109,37000000,26250020,222936
99,The Boy Next Door,2015,['Thriller'],4.918,2087,4000000,52425855,241251
100,Deadpool,2016,"['Action', 'Adventure', 'Comedy']",7.623,32058,58000000,782837347,293660
101,Captain America: Civil War,2016,"['Adventure', 'Action', 'Science Fiction']",7.448,23511,250000000,1155046416,271110
102,Doctor Strange,2016,"['Fantasy', 'Adventure', 'Action']",7.418,22908,180000000,676343174,284052
103,Suicide Squad,2016,"['Action', 'Adventure', 'Fantasy']",5.92,21698,175000000,749200054,297761
104,Fantastic Beasts and Where to Find Them,2016,"['Fantasy', 'Adventure']",7.31,19326,180000000,809342332,259316
105,Arrival,2016,"['Drama', 'Science Fiction', 'Mystery']",7.622,18701,47000000,203388186,329865
106,Batman v Superman: Dawn of Justice,2016,"['Action', 'Adventure', 'Fantasy']",5.987,18589,250000000,874362803,209112
107,La La Land,2016,"['Comedy', 'Drama', 'Romance']",7.898,17616,30000000,509183536,313369
108,Zootopia,2016,"['Animation', 'Adventure', 'Family', 'Comedy']",7.751,17058,150000000,1025521689,269149
109,Rogue One: A Star Wars Story,2016,"['Action', 'Adventure', 'Science Fiction']",7.503,15957,200000000,1056057273,330459
110,Hacksaw Ridge,2016,"['Drama', 'History', 'War']",8.192,14412,40000000,175302354,324786
111,Passengers,2016,"['Drama', 'Romance', 'Science Fiction']",6.952,13841,110000000,303144152,274870
112,X-Men: Apocalypse,2016,"['Action', 'Adventure', 'Science Fiction', 'Fantasy']",6.518,13435,178000000,543934787,246655
113,Moana,2016,"['Adventure', 'Comedy', 'Family', 'Animation']",7.6,13376,150000000,690860472,277834
114,Me Before You,2016,"['Drama', 'Romance']",7.925,12875,20000000,207945075,296096
115,Finding Dory,2016,"['Adventure', 'Animation', 'Comedy', 'Family']",7.04,12425,200000000,1029266989,127380
116,Your Name.,2016,"['Animation', 'Romance', 'Drama']",8.478,12091,0,358000000,372058
117,Now You See Me 2,2016,"['Thriller', 'Crime']",6.825,11139,120000000,334897606,291805
118,Miss Peregrine's Home for Peculiar Children,2016,"['Fantasy', 'Adventure', 'Drama', 'Family']",6.837,10281,110000000,296482446,283366
119,Hidden Figures,2016,"['Drama', 'History']",8.05,10158,25000000,235957472,381284
120,The Conjuring 2,2016,['Horror'],7.294,8930,40000000,322819915,259693
121,10 Cloverfield Lane,2016,"['Thriller', 'Science Fiction', 'Drama', 'Horror']",6.994,8355,15000000,110216998,333371
122,The Secret Life of Pets,2016,"['Family', 'Comedy', 'Adventure', 'Animation']",6.308,8329,75000000,875457937,328111
123,The Nice Guys,2016,"['Comedy', 'Crime', 'Action']",7.1,8320,50000000,71261763,290250
124,The Jungle Book,2016,"['Family', 'Adventure', 'Fantasy']",6.866,8314,175000000,966550600,278927
125,Sing,2016,"['Family', 'Comedy', 'Music', 'Animation']",7.12,8248,75000000,634151679,335797
126,Nocturnal Animals,2016,"['Drama', 'Thriller']",7.42,8068,22500000,29300000,340666
127,Train to Busan,2016,"['Horror', 'Thriller', 'Action', 'Adventure']",7.749,8036,8500000,87547518,396535
128,Assassin's Creed,2016,"['Action', 'Adventure', 'Science Fiction']",5.428,7946,125000000,240700000,121856
129,Don't Breathe,2016,"['Horror', 'Thriller', 'Crime']",7.016,7757,9900000,158906350,300669
130,Sausage Party,2016,"['Adventure', 'Animation', 'Comedy', 'Fantasy']",5.75,7543,19000000,140705322,223702
131,Sully,2016,"['Drama', 'History']",7.195,7499,60000000,240800000,363676
132,The Witch,2016,"['Horror', 'Fantasy', 'Drama']",6.996,7394,4000000,40423945,310131
133,Moonlight,2016,['Drama'],7.4,7314,4000000,65046687,376867
134,Warcraft,2016,"['Action', 'Adventure', 'Fantasy']",6.389,7058,160000000,433677183,68735
135,The Accountant,2016,"['Crime', 'Thriller', 'Drama']",7.129,7048,44000000,155160045,302946
136,Nerve,2016,"['Mystery', 'Adventure', 'Crime']",7.0,6913,19000000,85241496,328387
137,Star Trek Beyond,2016,"['Action', 'Adventure', 'Science Fiction']",6.8,6871,185000000,343471816,188927
138,Allegiant,2016,"['Adventure', 'Science Fiction', 'Action', 'Mystery']",6.107,6799,110000000,179246868,262504
139,Lion,2016,['Drama'],8.042,6793,12000000,140312928,334543
140,Captain Fantastic,2016,"['Adventure', 'Drama']",7.9,6641,5000000,23123592,334533
141,Ghostbusters,2016,"['Action', 'Fantasy', 'Comedy']",5.3,6635,144000000,229147509,43074
142,Alice Through the Looking Glass,2016,"['Adventure', 'Family', 'Fantasy']",6.6,6630,170000000,299457024,241259
143,Inferno,2016,"['Mystery', 'Thriller', 'Action']",6.085,6467,75000000,220021259,207932
144,The Legend of Tarzan,2016,"['Fantasy', 'Action', 'Adventure']",5.914,6366,180000000,356743061,258489
145,Kung Fu Panda 3,2016,"['Animation', 'Action', 'Adventure', 'Comedy', 'Family']",6.918,6354,145000000,521170825,140300
146,Independence Day: Resurgence,2016,"['Action', 'Adventure', 'Science Fiction']",5.35,6277,165000000,389681935,47933
147,Manchester by the Sea,2016,['Drama'],7.548,6185,9000000,79000000,334541
148,The Magnificent Seven,2016,"['Adventure', 'Action', 'Western']",6.47,6176,90000000,162400000,333484
149,Central Intelligence,2016,"['Action', 'Comedy']",6.4,6173,50000000,216972543,302699
150,Jason Bourne,2016,"['Action', 'Adventure', 'Thriller']",6.366,5984,120000000,415484914,324668
151,The 5th Wave,2016,"['Science Fiction', 'Adventure', 'Action']",5.938,5890,38000000,109906372,299687
152,The Girl on the Train,2016,"['Crime', 'Mystery', 'Thriller']",6.441,5878,45000000,173200000,346685
153,Collateral Beauty,2016,"['Drama', 'Romance']",7.218,5479,36000000,88528280,345920
154,The Purge: Election Year,2016,"['Action', 'Horror', 'Thriller']",6.384,5388,10000000,118587880,316727
155,The Great Wall,2016,"['Action', 'Adventure', 'Fantasy']",6.028,5375,150000000,331957105,311324
156,War Dogs,2016,"['Comedy', 'Crime', 'Drama']",6.927,5236,50000000,86234523,308266
157,The Founder,2016,"['Drama', 'History']",7.134,5220,15000000,24121245,310307
158,The Shallows,2016,"['Horror', 'Drama', 'Thriller']",6.351,5215,17000000,119100758,332567
159,Jack Reacher: Never Go Back,2016,"['Action', 'Drama', 'Thriller', 'Crime']",5.992,5126,60000000,162100000,343611
160,London Has Fallen,2016,"['Action', 'Thriller']",6.218,4940,60000000,205754447,267860
161,The Huntsman: Winter's War,2016,"['Action', 'Adventure', 'Drama']",6.285,4932,115000000,164989338,290595
162,Ice Age: Collision Course,2016,"['Adventure', 'Animation', 'Family', 'Comedy', 'Science Fiction']",6.114,4760,105000000,408579038,278154
163,Deepwater Horizon,2016,"['Drama', 'Action']",6.886,4734,110000000,121790376,296524
164,Hush,2016,"['Horror', 'Thriller']",6.7,4723,1000000,0,376570
165,Hell or High Water,2016,"['Western', 'Crime', 'Drama']",7.302,4681,12000000,37600000,338766
166,Allied,2016,"['Action', 'Drama', 'War', 'Romance', 'Thriller']",6.801,4661,106000000,119520023,369885
167,The Autopsy of Jane Doe,2016,"['Horror', 'Mystery']",6.826,4542,4000000,6170043,397243
168,Perfect Strangers,2016,"['Comedy', 'Drama']",7.855,4516,0,32207491,381341
169,Neighbors 2: Sorority Rising,2016,['Comedy'],5.82,4511,35000000,108007109,325133
170,Snowden,2016,"['Drama', 'History', 'Crime', 'Thriller']",7.1,4499,40000000,37357216,302401
171,Dirty Grandpa,2016,['Comedy'],5.935,4498,11500000,94100000,291870
172,Why Him?,2016,['Comedy'],6.38,4294,38000000,118102725,356305
173,A Silent Voice: The Movie,2016,"['Animation', 'Drama', 'Romance']",8.4,4266,0,30819442,378064
174,Gods of Egypt,2016,"['Action', 'Adventure', 'Fantasy']",5.686,4220,140000000,150680864,205584
175,Bad Moms,2016,['Comedy'],6.494,4175,20000000,183936074,376659
176,The Edge of Seventeen,2016,"['Comedy', 'Drama']",7.157,4159,9000000,18803648,376660
177,The Handmaiden,2016,"['Thriller', 'Drama', 'Romance']",8.2,4083,8575000,38600000,290098
178,Lights Out,2016,['Horror'],6.365,4013,4900000,149368835,345911
179,"Hail, Caesar!",2016,"['Comedy', 'Crime', 'Drama', 'Mystery']",5.9,3902,22000000,63647656,270487
180,The Boy,2016,"['Horror', 'Mystery', 'Thriller']",6.0,3859,10000000,73929392,321258
181,The Angry Birds Movie,2016,"['Animation', 'Adventure', 'Comedy', 'Family']",6.246,3843,73000000,349779543,153518
182,The Neon Demon,2016,"['Horror', 'Thriller']",6.51,3840,7000000,3400000,301365
183,Underworld: Blood Wars,2016,"['Fantasy', 'Action', 'Thriller', 'Science Fiction', 'Horror']",5.911,3823,35000000,81093313,346672
184,13 Hours: The Secret Soldiers of Benghazi,2016,"['War', 'Action', 'History', 'Drama', 'Thriller']",7.269,3789,50000000,69411370,300671
185,Trolls,2016,"['Family', 'Animation', 'Fantasy', 'Adventure', 'Comedy', 'Music']",6.63,3724,125000000,347337803,136799
186,Kubo and the Two Strings,2016,"['Animation', 'Adventure', 'Family']",7.631,3705,60000000,76249438,313297
187,Teenage Mutant Ninja Turtles: Out of the Shadows,2016,"['Action', 'Adventure', 'Comedy', 'Family', 'Science Fiction']",6.051,3673,135000000,245623848,308531
188,Swiss Army Man,2016,"['Comedy', 'Drama', 'Romance', 'Fantasy', 'Adventure']",6.926,3662,3000000,5800000,347031
189,Mechanic: Resurrection,2016,"['Action', 'Crime', 'Thriller']",6.029,3520,40000000,125729635,278924
190,The BFG,2016,"['Adventure', 'Family', 'Fantasy']",6.3,3518,140000000,195243411,267935
191,A Monster Calls,2016,"['Fantasy', 'Adventure', 'Family']",7.287,3471,43000000,47309313,258230
192,Resident Evil: The Final Chapter,2016,"['Action', 'Horror', 'Science Fiction']",6.11,3357,40000000,312242626,173897
193,Raw,2016,"['Horror', 'Drama']",7.04,3323,3500000,4100000,393519
194,How to Be Single,2016,"['Comedy', 'Romance']",6.255,3281,38000000,112343513,259694
195,Silence,2016,"['Drama', 'History']",7.12,3184,46000000,23834809,68730
196,Money Monster,2016,"['Thriller', 'Drama']",6.435,3066,27000000,93282604,303858
197,Bridget Jones's Baby,2016,"['Drama', 'Comedy', 'Romance']",6.4,3022,35000000,211952420,95610
198,Two Is a Family,2016,"['Drama', 'Comedy']",7.732,3020,0,1447740,382591
199,Green Room,2016,"['Horror', 'Crime', 'Thriller']",6.726,2836,5000000,3800000,313922
200,Spider-Man: Homecoming,2017,"['Action', 'Adventure', 'Science Fiction']",7.3,22607,175000000,880166924,315635
201,Guardians of the Galaxy Vol. 2,2017,"['Science Fiction', 'Adventure', 'Action']",7.611,22397,200000000,863756051,283995
202,Thor: Ragnarok,2017,"['Action', 'Adventure', 'Science Fiction']",7.583,21509,180000000,855301806,284053
203,Wonder Woman,2017,"['Action', 'Adventure', 'Fantasy']",7.214,20523,149000000,823970682,297762
204,Coco,2017,"['Family', 'Animation', 'Music', 'Adventure']",8.2,20410,175000000,814641172,354912
205,Logan,2017,"['Action', 'Drama', 'Science Fiction']",7.82,19944,97000000,619021436,263115
206,It,2017,"['Horror', 'Thriller']",7.238,19789,35000000,704242888,346364
207,Get Out,2017,"['Mystery', 'Thriller', 'Horror']",7.6,18282,4500000,255407969,419430
208,Split,2017,"['Horror', 'Thriller']",7.343,17946,9000000,278454358,381288
209,Dunkirk,2017,"['War', 'Action', 'Drama']",7.449,17103,150000000,527000000,374720
210,Baby Driver,2017,"['Action', 'Crime']",7.4,16364,34000000,226945087,339403
211,Star Wars: The Last Jedi,2017,"['Adventure', 'Action', 'Science Fiction']",6.765,15897,300000000,1332698830,181808
212,Beauty and the Beast,2017,"['Family', 'Fantasy', 'Romance']",6.969,15816,160000000,1266115964,321612
213,Blade Runner 2049,2017,"['Science Fiction', 'Drama']",7.587,14524,150000000,259239658,335984
214,Jumanji: Welcome to the Jungle,2017,"['Adventure', 'Comedy', 'Fantasy', 'Action', 'Family']",6.819,14122,90000000,995339117,353486
215,John Wick: Chapter 2,2017,"['Action', 'Thriller', 'Crime']",7.339,13778,40000000,171539887,324552
216,Justice League,2017,"['Action', 'Adventure', 'Science Fiction']",6.074,13369,300000000,661326987,141052
217,The Shape of Water,2017,"['Drama', 'Fantasy', 'Romance']",7.24,12524,19500000,195300000,399055
218,Call Me by Your Name,2017,"['Romance', 'Drama']",8.103,12489,3500000,43143046,398818
219,Pirates of the Caribbean: Dead Men Tell No Tales,2017,"['Adventure', 'Action', 'Fantasy']",6.652,12472,230000000,795922298,166426
220,Kong: Skull Island,2017,"['Action', 'Adventure', 'Fantasy']",6.548,10857,185000000,566652812,293167
221,Kingsman: The Golden Circle,2017,"['Action', 'Adventure', 'Comedy', 'Crime']",6.952,10824,104000000,410902662,343668
222,The Fate of the Furious,2017,"['Action', 'Crime', 'Thriller']",6.862,10595,250000000,1236000000,337339
223,"Three Billboards Outside Ebbing, Missouri",2017,"['Crime', 'Drama']",8.061,10551,15000000,162729321,359940
224,Murder on the Orient Express,2017,"['Mystery', 'Drama', 'Crime']",6.704,10282,55000000,352800000,392044
225,The Greatest Showman,2017,['Drama'],7.869,9784,84000000,459066134,316029
226,War for the Planet of the Apes,2017,"['Drama', 'Science Fiction', 'War']",7.2,9434,150000000,490719763,281338
227,xXx: Return of Xander Cage,2017,"['Action', 'Adventure', 'Crime']",6.1,9119,85000000,346118277,47971
228,Alien: Covenant,2017,"['Horror', 'Science Fiction', 'Thriller']",6.162,9110,97000000,240891763,126889
229,Lady Bird,2017,"['Drama', 'Comedy']",7.255,8818,10000000,79000000,391713
230,Ghost in the Shell,2017,"['Science Fiction', 'Drama', 'Action']",6.103,8343,110000000,169801921,315837
231,Baywatch,2017,"['Comedy', 'Action', 'Crime']",6.092,8321,69000000,177900000,339846
232,Wonder,2017,"['Family', 'Drama']",8.1,8097,20000000,315025930,406997
233,Fifty Shades Darker,2017,"['Drama', 'Romance']",6.476,7825,55000000,381545846,341174
234,Valerian and the City of a Thousand Planets,2017,"['Adventure', 'Science Fiction', 'Action']",6.631,7760,177200000,225973340,339964
235,Life,2017,"['Horror', 'Science Fiction', 'Mystery', 'Thriller']",6.446,7684,58000000,100541806,395992
236,Despicable Me 3,2017,"['Action', 'Animation', 'Comedy', 'Family', 'Adventure']",6.466,7450,80000000,1034800131,324852
237,The Mummy,2017,"['Fantasy', 'Thriller', 'Action', 'Adventure', 'Horror']",5.5,7449,125000000,409231607,282035
238,The Boss Baby,2017,"['Animation', 'Comedy', 'Family']",6.457,7305,125000000,527965936,295693
239,mother!,2017,"['Drama', 'Horror']",6.967,6905,30000000,44516999,381283
240,Transformers: The Last Knight,2017,"['Action', 'Adventure', 'Science Fiction']",6.056,6516,217000000,605425157,335988
241,The Hitman's Bodyguard,2017,"['Action', 'Comedy', 'Crime', 'Thriller']",6.89,6457,30000000,176586701,390043
242,Atomic Blonde,2017,"['Action', 'Adventure', 'Thriller']",6.429,6446,30000000,100014025,341013
243,Happy Death Day,2017,"['Comedy', 'Horror', 'Mystery']",6.662,6403,4800000,125479266,440021
244,What Happened to Monday,2017,"['Science Fiction', 'Thriller', 'Mystery', 'Action']",7.155,6284,20000000,27975429,406990
245,Cars 3,2017,"['Animation', 'Adventure', 'Comedy', 'Family']",6.855,6188,175000000,383925276,260514
246,"I, Tonya",2017,"['Drama', 'Comedy']",7.475,6015,11000000,53900000,389015
247,King Arthur: Legend of the Sword,2017,"['Action', 'Drama', 'Fantasy']",6.549,5895,175000000,149175066,274857
248,Annabelle: Creation,2017,['Horror'],6.604,5852,15000000,306592201,396422
249,Bright,2017,"['Fantasy', 'Action', 'Thriller']",6.161,5836,90000000,0,400106
250,Gifted,2017,"['Drama', 'Comedy']",8.0,5789,7000000,40300000,400928
251,Wind River,2017,"['Crime', 'Mystery', 'Thriller', 'Drama']",7.434,5542,11000000,44998252,395834
252,The Dark Tower,2017,"['Fantasy', 'Action', 'Science Fiction']",5.781,5360,60000000,113231078,353491
253,Darkest Hour,2017,"['Drama', 'History']",7.352,5345,30000000,150847207,399404
254,The Lego Batman Movie,2017,"['Animation', 'Action', 'Comedy', 'Family']",7.233,5238,80000000,311950384,324849
255,Geostorm,2017,"['Action', 'Science Fiction', 'Thriller']",6.118,5003,120000000,221600160,274855
256,The Invisible Guest,2017,"['Drama', 'Mystery', 'Thriller']",8.084,4787,4000000,30000000,411088
257,American Made,2017,"['Action', 'Comedy', 'Crime', 'Drama']",6.9,4785,50000000,133511855,337170
258,The Post,2017,"['Drama', 'History']",7.0,4779,50000000,179769467,446354
259,Power Rangers,2017,"['Action', 'Adventure', 'Science Fiction']",6.256,4536,105000000,142300000,305470
260,The Circle,2017,"['Drama', 'Thriller', 'Science Fiction']",5.52,4507,18000000,40651864,339988
261,Okja,2017,"['Adventure', 'Drama', 'Science Fiction']",7.349,4428,50000000,0,387426
262,The Killing of a Sacred Deer,2017,"['Drama', 'Thriller', 'Mystery']",7.011,4271,3000000,10700000,399057
263,Death Note,2017,"['Crime', 'Fantasy', 'Horror']",4.264,4049,40000000,0,351460
264,A Cure for Wellness,2017,"['Horror', 'Mystery', 'Science Fiction']",6.341,4042,40000000,26620002,340837
265,Downsizing,2017,"['Drama', 'Science Fiction', 'Comedy']",5.387,3974,68000000,55003890,301337
266,Molly's Game,2017,"['Drama', 'Crime']",7.151,3883,30000000,59284015,396371
267,Jigsaw,2017,"['Horror', 'Mystery']",6.218,3841,10000000,104223315,298250
268,Gerald's Game,2017,"['Horror', 'Thriller']",6.4,3818,0,0,343674
269,The Babysitter,2017,"['Comedy', 'Horror']",6.173,3780,0,0,419479
270,"Everything, Everything",2017,"['Drama', 'Romance']",7.242,3723,10000000,61621140,417678
271,Logan Lucky,2017,"['Comedy', 'Crime', 'Action', 'Drama']",6.73,3696,29000000,48453605,399170
272,The Disaster Artist,2017,"['Comedy', 'Drama']",7.105,3638,10000000,29820616,371638
273,Phantom Thread,2017,"['Drama', 'Romance']",7.312,3635,35000000,47756590,400617
274,To the Bone,2017,['Drama'],7.206,3558,0,0,401104
275,Before I Fall,2017,"['Drama', 'Fantasy']",6.963,3483,5000000,16373843,397837
276,A Dog's Purpose,2017,"['Adventure', 'Comedy', 'Fantasy', 'Family', 'Drama']",7.639,3449,22000000,205000000,381289
277,Pitch Perfect 3,2017,"['Comedy', 'Music']",6.5,3397,45000000,185400345,353616
278,The Ritual,2017,"['Horror', 'Mystery']",6.267,3261,1000000,1786396,433808
279,T2 Trainspotting,2017,"['Drama', 'Comedy', 'Crime']",6.945,3246,18000000,41681746,180863
280,The Emoji Movie,2017,"['Animation', 'Family', 'Comedy']",5.417,3224,50000000,216909830,378236
281,American Assassin,2017,"['Action', 'Adventure', 'Thriller']",6.411,3149,33000000,67200000,415842
282,The Lost City of Z,2017,"['Adventure', 'Drama', 'History']",6.394,3004,30000000,8574339,314095
283,Ferdinand,2017,"['Animation', 'Family', 'Adventure', 'Comedy']",7.224,2997,111000000,295038508,364689
284,Good Time,2017,"['Crime', 'Thriller', 'Drama']",7.213,2990,2000000,3283369,429200
285,The Florida Project,2017,['Drama'],7.428,2967,2000000,11303040,394117
286,You Were Never Really Here,2017,"['Crime', 'Drama', 'Thriller']",6.547,2932,17000000,9400000,398181
287,Going in Style,2017,"['Crime', 'Comedy']",6.691,2925,25000000,84618541,353070
288,1922,2017,"['Horror', 'Crime', 'Drama']",5.935,2836,5000000,2943477,452507
289,The Foreigner,2017,"['Action', 'Thriller', 'Crime']",6.966,2800,35000000,145374099,379149
290,47 Meters Down,2017,"['Horror', 'Thriller']",5.808,2788,5500000,62198461,403119
291,Daddy's Home 2,2017,['Comedy'],6.305,2645,69000000,180613180,419680
292,Paddington 2,2017,"['Adventure', 'Comedy', 'Family']",7.5,2622,40000000,290132513,346648
293,Rings,2017,['Horror'],5.01,2559,25000000,83080890,14564
294,It Comes at Night,2017,"['Drama', 'Horror', 'Mystery']",5.862,2541,5000000,19280931,418078
295,Loving Vincent,2017,"['Animation', 'Drama', 'Mystery', 'History']",8.0,2541,5500000,42187665,339877
296,The Big Sick,2017,"['Comedy', 'Drama', 'Romance']",7.332,2540,5000000,56303596,416477
297,The Space Between Us,2017,"['Romance', 'Adventure', 'Science Fiction', 'Drama']",7.057,2507,30000000,14793385,365942
298,The Mountain Between Us,2017,"['Drama', 'Adventure', 'Romance']",6.652,2471,35000000,62832209,290512
299,Hostiles,2017,"['Drama', 'Western', 'History', 'Adventure']",6.94,2423,55000000,36976336,384680
300,Avengers: Infinity War,2018,"['Adventure', 'Action', 'Science Fiction']",8.235,31127,300000000,2052415039,299536
301,Black Panther,2018,"['Action', 'Adventure', 'Science Fiction']",7.367,22937,200000000,1349926083,284054
302,Deadpool 2,2018,"['Action', 'Comedy', 'Adventure']",7.489,18715,110000000,785896632,383498
303,Bohemian Rhapsody,2018,"['Music', 'Drama']",7.964,17390,52000000,910813521,424694
304,Venom,2018,"['Science Fiction', 'Action']",6.827,16838,116000000,856085151,335983
305,Spider-Man: Into the Spider-Verse,2018,"['Animation', 'Action', 'Adventure', 'Science Fiction']",8.395,16588,90000000,393602435,324857
306,Ready Player One,2018,"['Adventure', 'Action', 'Science Fiction']",7.584,16359,175000000,607274134,333339
307,A Quiet Place,2018,"['Horror', 'Drama', 'Science Fiction']",7.396,14881,17000000,340955294,447332
308,Aquaman,2018,"['Action', 'Adventure', 'Fantasy']",6.872,14555,160000000,1152028393,297802
309,Ant-Man and the Wasp,2018,"['Action', 'Adventure', 'Science Fiction']",6.912,13824,140000000,622674139,363088
310,Incredibles 2,2018,"['Action', 'Adventure', 'Animation', 'Family']",7.457,13347,200000000,1243225667,260513
311,Jurassic World: Fallen Kingdom,2018,"['Action', 'Adventure', 'Science Fiction', 'Thriller']",6.5,12386,170000000,1310469037,351286
312,Green Book,2018,"['Drama', 'Comedy', 'History']",8.225,12365,23000000,321752656,490132
313,A Star Is Born,2018,"['Music', 'Drama', 'Romance']",7.496,11994,36000000,436388866,332562
314,Fantastic Beasts: The Crimes of Grindelwald,2018,"['Fantasy', 'Adventure']",6.8,11227,200000000,654900000,338952
315,Bird Box,2018,"['Horror', 'Thriller', 'Drama']",6.827,10295,19800000,0,405774
316,Annihilation,2018,"['Science Fiction', 'Horror']",6.434,9071,40000000,43070915,300668
317,Solo: A Star Wars Story,2018,"['Science Fiction', 'Adventure', 'Action']",6.558,8995,250000000,392952373,348350
318,Mission: Impossible - Fallout,2018,"['Action', 'Adventure']",7.4,8806,178000000,791658205,353081
319,To All the Boys I've Loved Before,2018,"['Comedy', 'Romance']",7.596,8603,0,0,466282
320,Ocean's Eight,2018,"['Crime', 'Comedy', 'Action']",6.967,8574,70000000,297718711,402900
321,Fifty Shades Freed,2018,"['Drama', 'Romance']",6.682,8232,55000000,371985018,337167
322,Hereditary,2018,"['Horror', 'Mystery', 'Thriller']",7.29,8218,10000000,87796204,493922
323,Maze Runner: The Death Cure,2018,"['Science Fiction', 'Action', 'Adventure', 'Thriller']",7.093,8157,62000000,288175335,336843
324,Tomb Raider,2018,"['Action', 'Adventure', 'Fantasy']",6.367,8137,94000000,274650803,338970
325,The Meg,2018,"['Action', 'Science Fiction', 'Horror']",6.25,7982,150000000,530517320,345940
326,Ralph Breaks the Internet,2018,"['Family', 'Animation', 'Comedy', 'Adventure']",7.169,7878,175000000,529323962,404368
327,BlacKkKlansman,2018,"['Crime', 'Comedy', 'Drama', 'History']",7.5,7863,15000000,93411426,487558
328,The Kissing Booth,2018,"['Romance', 'Comedy']",7.17,7353,0,0,454983
329,Rampage,2018,"['Action', 'Adventure', 'Science Fiction']",6.456,7309,120000000,428028233,427641
330,The Nun,2018,['Horror'],5.907,7012,22000000,366082797,439079
331,Bumblebee,2018,"['Action', 'Adventure', 'Science Fiction']",6.717,6429,135000000,467989645,424783
332,Red Sparrow,2018,"['Thriller', 'Mystery']",6.532,6198,69000000,151572634,401981
333,"Love, Simon",2018,"['Comedy', 'Drama', 'Romance']",7.983,6163,17000000,66316289,449176
334,Game Night,2018,"['Mystery', 'Comedy', 'Crime']",6.846,6065,37000000,117501013,445571
335,The Favourite,2018,"['History', 'Comedy', 'Drama']",7.503,5722,15000000,95918706,375262
336,The Equalizer 2,2018,"['Action', 'Thriller', 'Crime']",6.778,5704,62000000,190400157,345887
337,Creed II,2018,"['Drama', 'Action']",7.033,5628,50000000,214200000,480530
338,First Man,2018,"['History', 'Drama']",7.042,5475,70000000,105713218,369972
339,The Mule,2018,"['Crime', 'Drama']",6.865,5199,50000000,174800000,504172
340,Skyscraper,2018,"['Action', 'Thriller', 'Adventure']",6.318,5196,125000000,304870828,447200
341,Isle of Dogs,2018,"['Adventure', 'Comedy', 'Animation']",7.844,5185,62770198,64337744,399174
342,Pacific Rim: Uprising,2018,"['Action', 'Fantasy', 'Science Fiction', 'Adventure']",6.1,5169,150000000,290061297,268896
343,The Predator,2018,"['Science Fiction', 'Action', 'Thriller']",5.629,4936,88000000,160542134,346910
344,Halloween,2018,"['Horror', 'Thriller']",6.566,4931,10000000,259939869,424139
345,Mortal Engines,2018,"['Adventure', 'Science Fiction']",6.208,4917,100000000,83869818,428078
346,Upgrade,2018,"['Action', 'Thriller', 'Science Fiction']",7.5,4741,3000000,16976561,500664
347,Hotel Transylvania 3: Summer Vacation,2018,"['Animation', 'Comedy', 'Family', 'Fantasy']",6.853,4601,80000000,528600000,400155
348,The Commuter,2018,"['Action', 'Thriller', 'Mystery']",6.364,4509,30000000,119942387,399035
349,A Simple Favor,2018,"['Thriller', 'Comedy', 'Mystery']",6.638,4457,20000000,97644617,484247
350,The Grinch,2018,"['Family', 'Comedy', 'Animation']",6.868,4268,75000000,508600000,360920
351,The Ballad of Buster Scruggs,2018,"['Western', 'Comedy', 'Drama', 'Music', 'Mystery', 'Romance']",7.1,4258,0,0,537996
352,Truth or Dare,2018,"['Thriller', 'Horror']",5.94,4145,3500000,95330493,460019
353,The First Purge,2018,"['Action', 'Horror', 'Thriller']",6.001,4120,13000000,137056262,442249
354,Searching,2018,"['Drama', 'Mystery', 'Thriller']",7.57,4067,1000000,75462037,489999
355,Black Mirror: Bandersnatch,2018,"['Science Fiction', 'Mystery', 'Drama']",6.762,4052,0,0,569547
356,Roma,2018,['Drama'],7.624,4022,15000000,1140769,426426
357,Sicario: Day of the Soldado,2018,"['Action', 'Crime', 'Thriller']",6.938,3851,35000000,75836683,400535
358,Crazy Rich Asians,2018,"['Comedy', 'Romance']",7.063,3839,30000000,238539198,455207
359,Bad Times at the El Royale,2018,"['Thriller', 'Mystery', 'Crime', 'Drama']",6.846,3738,32000000,31882724,446021
360,Midnight Sun,2018,"['Romance', 'Drama']",7.812,3508,2800000,27365467,419478
361,Mamma Mia! Here We Go Again,2018,"['Comedy', 'Romance']",7.088,3494,75000000,395607854,458423
362,Vice,2018,"['Drama', 'Comedy']",7.014,3482,60000000,76100000,429197
363,Sierra Burgess Is a Loser,2018,"['Comedy', 'Drama', 'Romance']",6.293,3441,0,0,462919
364,The Cloverfield Paradox,2018,"['Horror', 'Thriller', 'Science Fiction']",5.628,3432,45000000,0,384521
365,Mary Poppins Returns,2018,"['Fantasy', 'Family', 'Comedy']",6.508,3398,130000000,348807090,400650
366,Tag,2018,"['Comedy', 'Action']",6.713,3305,28000000,75100000,455980
367,Den of Thieves,2018,"['Crime', 'Thriller', 'Action']",6.9,3242,30000000,80509622,449443
368,Instant Family,2018,"['Comedy', 'Drama']",7.507,3125,48000000,121000000,491418
369,12 Strong,2018,"['War', 'Drama', 'Action', 'History']",6.346,3095,35000000,67450815,429351
370,Robin Hood,2018,"['Adventure', 'Action', 'Thriller', 'Fantasy']",5.912,3066,100000000,86493046,375588
371,Insidious: The Last Key,2018,"['Horror', 'Thriller']",6.254,3043,10000000,172811971,406563
372,Dragon Ball Super: Broly,2018,"['Action', 'Science Fiction', 'Animation']",7.903,3034,1000000,125002821,503314
373,Overlord,2018,"['Horror', 'War', 'Science Fiction']",6.73,2997,38000000,41657844,438799
374,The House That Jack Built,2018,"['Drama', 'Horror', 'Crime', 'Thriller']",7.126,2935,9800000,5566776,398173
375,The Darkest Minds,2018,"['Action', 'Adventure', 'Drama']",7.029,2888,34000000,41142379,445651
376,Christopher Robin,2018,"['Adventure', 'Comedy', 'Family', 'Fantasy']",7.305,2839,75000000,197744377,420814
377,Terrifier,2018,"['Horror', 'Thriller']",6.3,2821,35000,421798,420634
378,Set It Up,2018,"['Romance', 'Comedy']",6.92,2741,0,0,384677
379,Beautiful Boy,2018,['Drama'],7.551,2743,25000000,7700000,451915
380,Suspiria,2018,"['Horror', 'Mystery', 'Drama']",6.899,2680,20000000,7953089,361292
381,Death Wish,2018,"['Action', 'Crime', 'Thriller', 'Drama']",6.202,2666,30000000,34017028,395990
382,Alpha,2018,"['Adventure', 'Drama']",6.525,2651,51000000,99630675,399360
383,Adrift,2018,"['Thriller', 'Romance', 'Adventure']",6.838,2649,35000000,59945012,429300
384,Johnny English Strikes Again,2018,"['Action', 'Adventure', 'Comedy']",6.262,2636,25000000,158972570,463272
385,Ghostland,2018,"['Horror', 'Mystery', 'Thriller']",7.387,2564,0,0,476299
386,Mowgli: Legend of the Jungle,2018,"['Adventure', 'Drama']",6.5,2544,175000000,0,407436
387,Widows,2018,"['Crime', 'Thriller', 'Drama']",6.485,2394,42000000,73900000,401469
388,When We First Met,2018,"['Comedy', 'Romance', 'Fantasy']",6.56,2328,10000000,0,433310
389,Mile 22,2018,"['Action', 'Thriller']",6.2,2317,35000000,66308758,347375
390,The Spy Who Dumped Me,2018,"['Comedy', 'Action', 'Adventure']",6.388,2298,40000000,33562069,454992
391,The Christmas Chronicles,2018,"['Comedy', 'Adventure', 'Family', 'Fantasy']",7.148,2286,0,0,527435
392,Hunter Killer,2018,"['Action', 'Adventure', 'Thriller']",6.897,2286,40000000,31672678,399402
393,Every Day,2018,"['Romance', 'Fantasy']",7.25,2272,4900000,10400000,465136
394,Climax,2018,"['Horror', 'Drama']",7.045,2257,2900000,1696075,507076
395,Dogman,2018,"['Crime', 'Drama', 'Thriller']",7.528,2257,0,5080147,483184
396,The Princess Switch,2018,"['Romance', 'Comedy']",7.0,2248,0,0,556803
397,The House with a Clock in Its Walls,2018,"['Comedy', 'Fantasy', 'Family', 'Horror', 'Mystery']",6.251,2239,42000000,131523093,463821
398,Shoplifters,2018,"['Drama', 'Crime', 'Thriller']",7.8,2192,0,0,505192
399,The Nutcracker and the Four Realms,2018,"['Fantasy', 'Adventure', 'Family']",6.1,2192,120000000,173961069,426543
400,Joker,2019,"['Crime', 'Thriller', 'Drama']",8.1,26964,55000000,1078958629,475557
401,Avengers: Endgame,2019,"['Adventure', 'Science Fiction', 'Action']",8.237,26916,356000000,2799439100,299534
402,Parasite,2019,"['Comedy', 'Thriller', 'Drama']",8.496,19696,11363000,257591776,496243
403,Spider-Man: Far From Home,2019,"['Action', 'Adventure', 'Science Fiction']",7.4,16446,160000000,1131927996,429617
404,Captain Marvel,2019,"['Action', 'Adventure', 'Science Fiction']",6.791,16345,152000000,1131416446,299537
405,Once Upon a Time... in Hollywood,2019,"['Comedy', 'Drama', 'Thriller']",7.427,14279,95000000,392105159,466272
406,Knives Out,2019,"['Comedy', 'Crime', 'Mystery']",7.8,13220,40000000,312897920,546554
407,1917,2019,"['War', 'History', 'Drama', 'Action']",7.986,13085,100000000,446064352,530915
408,John Wick: Chapter 3 - Parabellum,2019,"['Action', 'Thriller', 'Crime']",7.444,11305,55000000,326709727,458156
409,The Lion King,2019,"['Adventure', 'Drama', 'Family', 'Animation']",7.103,10551,260000000,1662020819,420818
410,Star Wars: The Rise of Skywalker,2019,"['Adventure', 'Action', 'Science Fiction']",6.28,10439,489900000,1074144248,181812
411,Aladdin,2019,"['Adventure', 'Fantasy', 'Romance', 'Family']",7.092,10396,183000000,1097831681,420817
412,Toy Story 4,2019,"['Family', 'Comedy', 'Animation', 'Adventure']",7.5,10217,175000000,1073841394,301528
413,Frozen II,2019,"['Family', 'Animation', 'Adventure', 'Comedy', 'Fantasy']",7.242,10059,150000000,1453683476,330457
414,Jojo Rabbit,2019,"['Comedy', 'War', 'Drama']",8.0,10049,14000000,82468705,515001
415,Shazam!,2019,"['Action', 'Comedy', 'Fantasy']",6.985,9935,80000000,367799011,287947
416,Alita: Battle Angel,2019,"['Action', 'Science Fiction', 'Adventure']",7.2,9666,170000000,405000000,399579
417,It Chapter Two,2019,"['Horror', 'Thriller']",6.838,9228,79000000,473123154,474350
418,Jumanji: The Next Level,2019,"['Adventure', 'Comedy', 'Fantasy']",6.886,9069,125000000,801693929,512200
419,Glass,2019,"['Thriller', 'Drama', 'Science Fiction']",6.665,8831,20000000,246999039,450465
420,Ford v Ferrari,2019,"['Drama', 'Action', 'History']",8.007,8582,97600000,225508210,359724
421,After,2019,"['Romance', 'Drama']",7.115,8434,14000000,69497587,537915
422,Us,2019,"['Horror', 'Mystery']",6.954,7790,20000000,256067149,458723
423,Midsommar,2019,"['Horror', 'Drama', 'Mystery']",7.153,7708,9000000,48498408,530385
424,The Platform,2019,"['Drama', 'Science Fiction', 'Thriller']",6.968,7569,1203235,1090116,619264
425,Fast & Furious Presents: Hobbs & Shaw,2019,"['Action', 'Adventure', 'Comedy']",6.845,7541,200000000,760098996,384018
426,The Irishman,2019,"['Crime', 'Drama', 'History']",7.581,7221,159000000,968853,398978
427,Marriage Story,2019,['Drama'],7.732,7209,18000000,333686,492188
428,Pok√©mon Detective Pikachu,2019,"['Action', 'Adventure', 'Fantasy']",6.911,7150,150000000,449762638,447404
429,Ad Astra,2019,"['Science Fiction', 'Drama']",6.121,6962,87500000,127461872,419704
430,How to Train Your Dragon: The Hidden World,2019,"['Animation', 'Family', 'Adventure']",7.748,6852,129000000,539987993,166428
431,Dark Phoenix,2019,"['Science Fiction', 'Action', 'Adventure']",5.963,6842,200000000,252442974,320288
432,Little Women,2019,"['Drama', 'Romance', 'History']",7.861,6591,40000000,216600000,331482
433,Godzilla: King of the Monsters,2019,"['Science Fiction', 'Action']",6.694,6465,170000000,387300138,373571
434,Maleficent: Mistress of Evil,2019,"['Family', 'Fantasy', 'Adventure']",7.301,6327,185000000,491730089,420809
435,Zombieland: Double Tap,2019,"['Horror', 'Comedy']",6.912,6019,42000000,122800000,338967
436,Five Feet Apart,2019,"['Romance', 'Drama']",8.2,5802,7000000,92600000,527641
437,Terminator: Dark Fate,2019,"['Science Fiction', 'Action', 'Adventure', 'Thriller']",6.416,5436,185000000,261119292,290859
438,Gemini Man,2019,"['Science Fiction', 'Action', 'Adventure', 'Thriller']",6.275,5306,140000000,173469516,453405
439,The Lighthouse,2019,"['Drama', 'Fantasy', 'Thriller']",7.489,5293,11000000,18262464,503919
440,El Camino: A Breaking Bad Movie,2019,"['Crime', 'Drama', 'Thriller']",7.04,5371,0,0,559969
441,Men in Black: International,2019,"['Comedy', 'Science Fiction', 'Action', 'Adventure']",5.9,5168,110000000,253890701,479455
442,Uncut Gems,2019,"['Drama', 'Thriller', 'Crime']",7.151,5098,19000000,50023780,473033
443,6 Underground,2019,"['Action', 'Comedy', 'Thriller']",6.34,4986,150000000,0,509967
444,Ready or Not,2019,"['Horror', 'Comedy']",7.037,4951,6000000,57600000,567609
445,Escape Room,2019,"['Horror', 'Thriller', 'Mystery']",6.5,4889,9000000,155712077,522681
446,Rocketman,2019,"['Music', 'Drama']",7.3,4845,40000000,167300000,504608
447,Doctor Sleep,2019,"['Horror', 'Fantasy']",7.143,4688,45000000,72385286,501170
448,Murder Mystery,2019,"['Action', 'Comedy', 'Mystery']",6.267,4633,24000000,0,514999
449,Miracle in Cell No. 7,2019,['Drama'],8.3,4497,0,28000000,637920
450,Dumbo,2019,"['Family', 'Fantasy', 'Adventure']",6.591,4449,170000000,353284621,329996
451,Klaus,2019,"['Animation', 'Family', 'Adventure', 'Comedy', 'Fantasy']",8.23,4389,0,0,508965
452,Yesterday,2019,"['Comedy', 'Fantasy', 'Music', 'Romance']",6.688,4107,26000000,154608856,515195
453,Rambo: Last Blood,2019,"['Action', 'Thriller', 'Drama']",6.533,4073,50000000,91500000,522938
454,Annabelle Comes Home,2019,['Horror'],6.41,3734,27000000,231252591,521029
455,Angel Has Fallen,2019,"['Action', 'Thriller']",6.597,3719,40000000,146661977,423204
456,Hellboy,2019,"['Fantasy', 'Horror', 'Action', 'Adventure']",5.579,3590,50000000,55065289,456740
457,Happy Death Day 2U,2019,"['Comedy', 'Horror', 'Science Fiction']",6.325,3545,9000000,64600152,512196
458,Isn't It Romantic,2019,"['Comedy', 'Fantasy', 'Romance']",6.204,3537,31000000,48800000,449563
459,"Extremely Wicked, Shockingly Evil and Vile",2019,"['Drama', 'Crime']",7.0,3459,0,0,457799
460,The King,2019,"['Drama', 'History', 'War']",7.156,3414,0,0,504949
461,Triple Frontier,2019,"['Action', 'Thriller', 'Crime', 'Adventure']",6.323,3400,0,0,399361
462,Jarhead: Law of Return,2019,['War'],6.5,3354,0,0,635744
463,Pet Sematary,2019,['Horror'],5.743,3328,21000000,113118226,157433
464,Brightburn,2019,"['Horror', 'Science Fiction']",6.1,3320,6000000,33224654,531309
465,The Perfect Date,2019,"['Romance', 'Comedy']",6.441,3292,0,0,543540
466,Crawl,2019,"['Horror', 'Thriller']",6.3,3262,13500000,91500000,511987
467,The Secret Life of Pets 2,2019,"['Family', 'Comedy', 'Adventure', 'Animation']",6.95,3225,80000000,429434163,412117
468,Bombshell,2019,['Drama'],6.783,3111,32000000,61404394,525661
469,Charlie's Angels,2019,"['Action', 'Adventure', 'Comedy']",6.391,3071,48000000,73279888,458897
470,The Two Popes,2019,"['Drama', 'History']",7.49,3049,0,232638,551332
471,Hustlers,2019,"['Drama', 'Comedy', 'Crime']",6.5,3028,20000000,157563598,540901
472,Spies in Disguise,2019,"['Animation', 'Action', 'Adventure', 'Comedy', 'Family']",7.57,2892,100000000,171616764,431693
473,Anna,2019,"['Action', 'Adventure', 'Thriller']",6.706,2855,34000000,31626978,484641
474,Portrait of a Lady on Fire,2019,"['Drama', 'Romance', 'History']",8.107,2801,5740000,9923127,531428
475,Long Shot,2019,"['Comedy', 'Romance']",6.719,2788,40000000,0,459992
476,Scary Stories to Tell in the Dark,2019,"['Horror', 'Adventure', 'Mystery']",6.494,2776,25000000,104545505,417384
477,Fractured,2019,"['Thriller', 'Drama']",6.749,2754,0,0,568091
478,Booksmart,2019,['Comedy'],7.009,2751,6000000,24849029,505600
479,The Dead Don't Die,2019,"['Comedy', 'Horror']",5.429,2746,11000000,15325468,535581
480,Cold Pursuit,2019,"['Action', 'Crime', 'Thriller', 'Drama', 'Comedy']",5.9,2710,60000000,76419755,438650
481,I Am Mother,2019,"['Science Fiction', 'Thriller']",6.706,2700,0,643593,505948
482,Richard Jewell,2019,"['Drama', 'History']",7.4,2631,45000000,33900000,292011
483,The Hustle,2019,"['Comedy', 'Crime']",6.19,2611,21000000,97400000,449562
484,Midway,2019,"['Action', 'War', 'History']",7.112,2598,100000000,127400000,522162
485,The Curse of La Llorona,2019,['Horror'],5.656,2584,9000000,123233739,480414
486,Last Christmas,2019,"['Comedy', 'Romance']",7.218,2496,30000000,121600000,549053
487,Weathering with You,2019,"['Animation', 'Drama', 'Fantasy', 'Romance']",7.991,2495,0,186965409,568160
488,The Addams Family,2019,"['Family', 'Animation', 'Comedy', 'Fantasy']",6.605,2427,40000000,204394183,481084
489,Just Mercy,2019,"['Drama', 'Crime', 'History']",7.856,2395,25000000,50401502,522212
490,Dark Waters,2019,"['Drama', 'Thriller']",7.532,2376,20000000,13601384,552178
491,Polar,2019,"['Action', 'Crime', 'Drama']",6.335,2371,0,0,483906
492,Ma,2019,"['Horror', 'Thriller']",5.819,2362,5000000,61220856,502416
493,Vivarium,2019,"['Science Fiction', 'Thriller', 'Mystery', 'Horror']",6.05,2354,4000000,488000,458305
494,The Lego Movie 2: The Second Part,2019,"['Action', 'Adventure', 'Animation', 'Comedy', 'Family']",6.664,2330,99000000,199603202,280217
495,A Rainy Day in New York,2019,"['Comedy', 'Romance']",6.486,2319,25000000,23805899,475303
496,In the Tall Grass,2019,"['Horror', 'Drama', 'Thriller']",5.5,2312,0,0,523139
497,Countdown,2019,"['Horror', 'Thriller']",6.218,2225,6500000,48021766,599975
498,The Highwaymen,2019,"['Crime', 'Drama', 'Thriller']",6.764,2148,49000000,0,500682
499,Togo,2019,"['Adventure', 'Family']",8.142,2145,0,0,606856
500,Soul,2020,"['Animation', 'Family', 'Comedy', 'Fantasy', 'Drama']",8.102,11015,150000000,121977511,508442
501,Tenet,2020,"['Action', 'Thriller', 'Science Fiction']",7.176,10595,205000000,365304105,577922
502,Birds of Prey (and the Fantabulous Emancipation of One Harley Quinn),2020,"['Action', 'Crime']",6.892,10578,75000000,205537933,495764
503,Sonic the Hedgehog,2020,"['Action', 'Science Fiction', 'Comedy', 'Family']",7.298,10135,85000000,319715683,454626
504,365 Days,2020,"['Romance', 'Drama']",7.009,9338,0,9458590,664413
505,Wonder Woman 1984,2020,"['Action', 'Adventure', 'Fantasy']",6.392,8815,200000000,169601036,464052
506,Bad Boys for Life,2020,"['Thriller', 'Action', 'Crime']",7.128,8539,90000000,426505244,38700
507,Mulan,2020,"['Adventure', 'Fantasy', 'Action']",6.844,6912,200000000,69965374,337401
508,Onward,2020,"['Family', 'Comedy', 'Adventure', 'Animation', 'Fantasy']",7.654,6402,200000000,141888276,508439
509,Extraction,2020,"['Action', 'Thriller']",7.304,6382,65000000,0,545609
510,Enola Holmes,2020,"['Adventure', 'Mystery', 'Crime']",7.2,6317,21000000,0,497582
511,The Gentlemen,2020,"['Comedy', 'Crime']",7.668,6275,22000000,115171795,522627
512,The Invisible Man,2020,"['Thriller', 'Science Fiction', 'Horror']",7.1,6046,7000000,144492724,570670
513,After We Collided,2020,"['Romance', 'Drama']",7.163,5413,14000000,47990414,613504
514,Bloodshot,2020,"['Action', 'Science Fiction', 'Adventure']",6.696,5123,42000000,39861118,338762
515,The Kissing Booth 2,2020,"['Comedy', 'Romance']",7.619,5076,0,0,583083
516,Greenland,2020,"['Action', 'Adventure', 'Thriller', 'Science Fiction']",7.125,4827,34000000,52300000,524047
517,The Old Guard,2020,"['Action', 'Fantasy']",7.118,4597,70000000,0,547016
518,Demon Slayer -Kimetsu no Yaiba- The Movie: Mugen Train,2020,"['Animation', 'Action', 'Fantasy', 'Thriller']",8.2,4310,15700000,523542183,635302
519,Love and Monsters,2020,"['Comedy', 'Adventure', 'Science Fiction', 'Action']",7.3,4273,30000000,1122066,590223
520,The Croods: A New Age,2020,"['Animation', 'Family', 'Adventure', 'Fantasy', 'Comedy']",7.458,4004,65000000,215905815,529203
521,The Call of the Wild,2020,"['Adventure', 'Family', 'Drama']",7.532,3866,109000000,111200000,481848
522,Dolittle,2020,"['Family', 'Comedy', 'Fantasy', 'Adventure']",6.588,3763,175000000,251410631,448119
523,The New Mutants,2020,"['Science Fiction', 'Horror', 'Action']",6.084,3587,67000000,49169594,340102
524,Another Round,2020,"['Comedy', 'Drama']",7.6,3573,5150000,21700000,580175
525,The Devil All the Time,2020,"['Crime', 'Drama', 'Thriller']",7.193,3516,0,0,499932
526,Promising Young Woman,2020,"['Thriller', 'Crime', 'Drama']",7.402,3489,10000000,20379604,582014
527,The Hunt,2020,"['Action', 'Thriller', 'Horror']",6.627,3471,14000000,10550350,514847
528,The Father,2020,['Drama'],8.101,3452,6000000,21029340,600354
529,Palm Springs,2020,"['Comedy', 'Romance', 'Science Fiction']",7.333,3449,5000000,1818417,587792
530,Monster Hunter,2020,"['Action', 'Fantasy', 'Adventure']",6.543,3439,60000000,42145959,458576
531,Underwater,2020,"['Horror', 'Science Fiction', 'Action', 'Adventure']",6.283,3299,50000000,40882928,443791
532,The Trial of the Chicago 7,2020,"['Drama', 'History']",7.671,3216,35000000,107423,556984
533,Greyhound,2020,"['War', 'Action', 'Drama']",7.416,3149,50300000,0,516486
534,Project Power,2020,"['Action', 'Crime', 'Science Fiction']",6.431,2965,0,0,605116
535,All the Bright Places,2020,"['Romance', 'Drama']",7.637,2950,0,0,342470
536,The SpongeBob Movie: Sponge on the Run,2020,"['Family', 'Comedy', 'Adventure', 'Animation']",7.4,2918,60000000,4700000,400160
537,Roald Dahl's The Witches,2020,"['Comedy', 'Fantasy', 'Family', 'Horror']",6.349,2912,0,29303571,531219
538,Run,2020,"['Thriller', 'Horror', 'Drama']",7.231,2747,1700000,5184368,546121
539,Borat Subsequent Moviefilm,2020,['Comedy'],6.437,2717,0,0,740985
540,Sound of Metal,2020,"['Drama', 'Music']",7.705,2708,0,516520,502033
541,Ava,2020,"['Action', 'Thriller', 'Crime']",5.829,2672,0,2987741,539885
542,To All the Boys: P.S. I Still Love You,2020,"['Romance', 'Comedy']",6.822,2639,0,0,565426
543,Fantasy Island,2020,"['Adventure', 'Fantasy', 'Horror', 'Mystery']",5.771,2566,7000000,49500000,539537
544,Peninsula,2020,"['Horror', 'Action', 'Thriller', 'Adventure']",6.743,2487,17000000,42698327,581392
545,Guns Akimbo,2020,"['Action', 'Comedy', 'Crime', 'Thriller']",6.431,2452,15000000,835102,457335
546,Gabriel's Inferno,2020,"['Romance', 'Drama']",8.403,2437,0,0,696374
547,Spenser Confidential,2020,"['Comedy', 'Action', 'Thriller']",6.516,2416,0,0,581600
548,Unhinged,2020,"['Action', 'Thriller', 'Horror']",6.439,2405,33000000,39238300,625568
549,Holidate,2020,"['Comedy', 'Romance']",7.0,2278,0,0,615665
550,Trolls World Tour,2020,"['Family', 'Animation', 'Comedy', 'Fantasy', 'Adventure', 'Music']",7.256,2219,90000000,49276818,446893
551,I'm Thinking of Ending Things,2020,"['Mystery', 'Thriller', 'Horror']",6.571,2080,0,0,500840
552,#Alive,2020,"['Action', 'Horror', 'Science Fiction']",7.2,1954,6300000,13416285,614696
553,Life in a Year,2020,"['Drama', 'Romance']",8.241,1941,0,0,447362
554,The Midnight Sky,2020,"['Science Fiction', 'Drama']",5.732,1929,0,70018,614911
555,Emma.,2020,"['Comedy', 'Romance']",7.0,1862,10000000,25200000,556678
556,News of the World,2020,"['Drama', 'Western', 'Adventure']",6.946,1851,38000000,12700000,581032
557,Honest Thief,2020,"['Thriller', 'Action', 'Crime']",6.484,1820,0,31220247,553604
558,Scoob!,2020,"['Animation', 'Comedy', 'Family', 'Mystery']",7.005,1764,90000000,28600000,385103
559,The Babysitter: Killer Queen,2020,"['Comedy', 'Horror']",6.339,1764,0,0,623491
560,Freaky,2020,"['Horror', 'Comedy']",6.559,1742,5000000,15100000,551804
561,Hubie Halloween,2020,"['Comedy', 'Mystery', 'Horror']",5.913,1721,14000000,0,617505
562,Mank,2020,"['Drama', 'History']",6.685,1709,25000000,122252,614560
563,The Social Dilemma,2020,"['Documentary', 'Drama']",7.44,1699,0,0,656690
564,Artemis Fowl,2020,"['Adventure', 'Fantasy', 'Science Fiction', 'Family', 'Action']",5.541,1694,125000000,0,475430
565,Color Out of Space,2020,"['Horror', 'Science Fiction', 'Mystery', 'Thriller']",6.053,1595,6000000,1023510,548473
566,The Half of It,2020,"['Comedy', 'Romance', 'Drama']",7.1,1552,0,0,597219
567,Gabriel's Inferno: Part II,2020,"['Romance', 'Drama']",8.369,1534,0,0,724089
568,Justice League Dark: Apokolips War,2020,"['Animation', 'Action', 'Adventure', 'Fantasy']",8.212,1522,0,0,618344
569,Gretel & Hansel,2020,"['Horror', 'Fantasy']",6.0,1506,5000000,22304357,542224
570,Eurovision Song Contest: The Story of Fire Saga,2020,"['Comedy', 'Music']",6.421,1501,0,0,531454
571,A Whisker Away,2020,"['Animation', 'Drama', 'Romance', 'Fantasy']",7.882,1449,0,0,667520
572,Mortal Kombat Legends: Scorpion's Revenge,2020,"['Animation', 'Action', 'Fantasy']",8.091,1426,0,0,664767
573,Escape from Pretoria,2020,"['Drama', 'History', 'Thriller']",7.186,1419,0,2431995,502425
574,Rose Island,2020,"['Comedy', 'Adventure']",7.033,1369,8000000,0,636565
575,Over the Moon,2020,"['Animation', 'Adventure', 'Family', 'Fantasy']",7.191,1351,0,0,560050
576,Return,2020,['Animation'],6.4,1346,0,0,836466
577,The Lodge,2020,"['Horror', 'Drama', 'Mystery', 'Thriller']",6.109,1342,0,2679585,474764
578,My Spy,2020,"['Family', 'Action', 'Comedy']",6.871,1324,18000000,10200000,592834
579,Wolfwalkers,2020,"['Animation', 'Family', 'Adventure', 'Fantasy']",8.206,1304,12000000,1310720,441130
580,The Way Back,2020,['Drama'],6.643,1281,23000000,14590514,529485
581,Brahms: The Boy II,2020,"['Horror', 'Mystery', 'Thriller']",5.882,1269,10000000,20311536,555974
582,Happiest Season,2020,"['Romance', 'Comedy']",7.128,1269,0,1401954,520172
583,Pieces of a Woman,2020,['Drama'],7.0,1265,0,0,641662
584,Tolo Tolo,2020,"['Comedy', 'Drama', 'Family']",6.117,1262,20000000,52186426,593402
585,The Courier,2020,"['Thriller', 'History', 'Drama']",7.038,1241,0,26000000,522241
586,The Wrong Missy,2020,"['Comedy', 'Romance']",6.144,1229,0,0,582596
587,Ma Rainey's Black Bottom,2020,"['Drama', 'Music']",6.65,1217,0,0,615667
588,I Still Believe,2020,"['Music', 'Drama', 'Romance']",7.6,1206,12000000,16069730,585244
589,Work It,2020,"['Comedy', 'Music']",7.506,1198,0,0,612706
590,His House,2020,"['Drama', 'Horror']",6.414,1175,0,0,575774
591,Feel the Beat,2020,"['Comedy', 'Music', 'Drama']",7.57,1143,0,0,707886
592,Chemical Hearts,2020,"['Drama', 'Romance']",7.32,1143,0,0,621013
593,Rebecca,2020,"['Romance', 'Drama', 'Mystery', 'Thriller']",6.3,1135,0,0,505379
594,Da 5 Bloods,2020,"['War', 'Drama']",6.451,1131,45000000,0,581859
595,"Miraculous World: New York, United HeroeZ",2020,"['Animation', 'TV Movie', 'Fantasy', 'Action']",8.098,1119,0,0,755812
596,The Outpost,2020,"['War', 'Drama', 'History', 'Action']",6.9,1116,18000000,2133452,531876
597,The Christmas Chronicles: Part Two,2020,"['Family', 'Fantasy', 'Adventure', 'Comedy']",6.484,1106,0,0,654028
598,Money Heist: The Phenomenon,2020,['Documentary'],7.5,1080,0,0,689249
599,The King of Staten Island,2020,"['Comedy', 'Drama']",7.013,1079,35000000,2200000,579583
600,Spider-Man: No Way Home,2021,"['Action', 'Adventure', 'Science Fiction']",7.937,21267,200000000,1921847111,634649
601,Dune,2021,"['Science Fiction', 'Adventure']",7.778,14101,165000000,407573628,438631
602,Venom: Let There Be Carnage,2021,"['Science Fiction', 'Action', 'Adventure']",6.76,10866,110000000,506863592,580489
603,Black Widow,2021,"['Action', 'Adventure', 'Science Fiction']",7.188,10846,200000000,379751131,497698
604,Zack Snyder's Justice League,2021,"['Action', 'Adventure', 'Fantasy']",8.102,10473,70000000,0,791373
605,Godzilla vs. Kong,2021,"['Action', 'Science Fiction', 'Adventure']",7.557,10368,200000000,470116094,399566
606,Shang-Chi and the Legend of the Ten Rings,2021,"['Action', 'Adventure', 'Fantasy']",7.504,10028,150000000,432243292,566525
607,Encanto,2021,"['Animation', 'Comedy', 'Family', 'Fantasy']",7.58,9924,150000000,261292688,568124
608,Cruella,2021,"['Comedy', 'Crime', 'Adventure']",7.983,9781,200000000,233503234,337404
609,Free Guy,2021,"['Comedy', 'Adventure', 'Science Fiction']",7.463,9373,110000000,331526598,550988
610,The Suicide Squad,2021,"['Action', 'Comedy', 'Adventure']",7.477,9222,185000000,168717425,436969
611,Don't Look Up,2021,"['Comedy', 'Science Fiction']",7.067,8882,75000000,791863,646380
612,Eternals,2021,"['Science Fiction', 'Action', 'Adventure']",6.792,8824,200000000,402064899,524434
613,Luca,2021,"['Animation', 'Comedy', 'Fantasy', 'Adventure', 'Family']",7.793,8722,200000000,51074773,508943
614,Nobody,2021,"['Action', 'Thriller']",7.901,7856,16000000,57512470,615457
615,F9,2021,"['Action', 'Adventure', 'Crime']",7.033,7505,200000000,726229501,385128
616,Raya and the Last Dragon,2021,"['Animation', 'Family', 'Fantasy', 'Action', 'Adventure']",7.818,7085,100000000,130423032,527774
617,A Quiet Place Part II,2021,"['Science Fiction', 'Thriller', 'Horror']",7.452,7064,55000000,297372261,520763
618,No Time to Die,2021,"['Action', 'Thriller', 'Adventure']",7.353,6750,250000000,774153024,370172
619,The Conjuring: The Devil Made Me Do It,2021,"['Horror', 'Mystery', 'Thriller']",7.381,6324,39000000,206444123,423108
620,The Matrix Resurrections,2021,"['Science Fiction', 'Action', 'Adventure']",6.36,6171,190000000,156497322,624860
621,Red Notice,2021,"['Action', 'Comedy', 'Crime']",6.753,6170,160000000,178143,512195
622,Mortal Kombat,2021,"['Action', 'Fantasy', 'Adventure']",7.004,6106,20000000,84426031,460465
623,Jungle Cruise,2021,"['Fantasy', 'Adventure']",7.323,5957,200000000,220889446,451048
624,Wrath of Man,2021,"['Thriller', 'Crime', 'Drama']",7.592,5808,40000000,103966489,637649
625,Ghostbusters: Afterlife,2021,"['Fantasy', 'Comedy', 'Adventure', 'Science Fiction']",7.337,4941,75000000,204334455,425909
626,The King's Man,2021,"['Action', 'Adventure', 'Thriller']",6.728,4857,100000000,125897478,476669
627,Old,2021,"['Thriller', 'Mystery', 'Horror']",6.323,4710,18000000,90146510,631843
628,Sing 2,2021,"['Family', 'Comedy', 'Music', 'Animation']",7.838,4648,85000000,408402685,438695
629,Army of the Dead,2021,"['Crime', 'Action', 'Horror']",6.229,4245,90000000,190700000,503736
630,Space Jam: A New Legacy,2021,"['Family', 'Comedy', 'Adventure', 'Animation', 'Science Fiction']",6.667,4133,150000000,163692228,379686
631,The Tomorrow War,2021,"['Action', 'Science Fiction', 'Adventure']",7.492,3868,200000000,14400000,588228
632,Finch,2021,"['Science Fiction', 'Drama', 'Adventure']",7.823,3773,2500000,0,522402
633,Last Night in Soho,2021,"['Horror', 'Mystery']",7.283,3676,43000000,22957625,576845
634,The Last Duel,2021,"['History', 'Drama', 'Action']",7.4,3654,100000000,30552111,617653
635,House of Gucci,2021,"['Drama', 'Crime', 'History']",6.575,3305,75000000,153235995,644495
636,Nomadland,2021,['Drama'],7.184,3193,5000000,39458207,581734
637,Nightmare Alley,2021,"['Crime', 'Drama', 'Thriller']",6.964,3175,60000000,39629195,597208
638,The Mitchells vs. the Machines,2021,"['Animation', 'Adventure', 'Comedy']",7.862,3172,75000000,0,501929
639,The Guilty,2021,"['Drama', 'Thriller']",6.426,2930,0,0,567748
640,I Care a Lot,2021,"['Crime', 'Thriller', 'Drama', 'Comedy']",6.575,2858,0,0,601666
641,The Power of the Dog,2021,"['Drama', 'Western']",6.753,2831,0,0,600583
642,The French Dispatch,2021,"['Drama', 'Comedy']",7.016,2818,25000000,46333545,542178
643,Halloween Kills,2021,"['Horror', 'Thriller']",6.433,2814,20000000,133423964,610253
644,Don't Breathe 2,2021,"['Thriller', 'Horror']",7.019,2719,15000000,53785551,482373
645,King Richard,2021,"['Drama', 'History']",7.615,2702,50000000,39400000,614917
646,After We Fell,2021,"['Romance', 'Drama']",7.023,2687,14000000,21753705,744275
647,The Little Things,2021,"['Drama', 'Crime', 'Thriller']",6.332,2667,30000000,29942746,602269
648,The Boss Baby: Family Business,2021,"['Animation', 'Comedy', 'Adventure', 'Family']",7.347,2632,82000000,146745280,459151
649,The Forever Purge,2021,"['Action', 'Horror', 'Thriller']",6.894,2601,18000000,76994245,602223
650,Resident Evil: Welcome to Raccoon City,2021,"['Action', 'Horror', 'Science Fiction']",5.955,2595,25000000,41914915,460458
651,Tom Clancy's Without Remorse,2021,"['Action', 'Thriller', 'War']",7.0,2575,0,0,567189
652,Tom & Jerry,2021,"['Comedy', 'Family', 'Animation']",6.744,2516,50000000,136536687,587807
653,Fear Street: 1994,2021,"['Horror', 'Mystery']",6.689,2515,0,0,591273
654,Malignant,2021,"['Horror', 'Mystery']",6.76,2503,40000000,34891791,619778
655,Licorice Pizza,2021,"['Drama', 'Comedy', 'Romance']",6.957,2492,40000000,33276075,718032
656,Chaos Walking,2021,"['Fantasy', 'Science Fiction', 'Adventure']",6.563,2457,125000000,26508132,412656
657,Hitman's Wife's Bodyguard,2021,"['Action', 'Comedy', 'Crime', 'Thriller']",6.663,2454,70000000,70060492,522931
658,CODA,2021,"['Drama', 'Music', 'Romance']",7.903,2426,10000000,1905058,776503
659,Coming 2 America,2021,['Comedy'],6.368,2312,60000000,0,484718
660,The Unholy,2021,"['Horror', 'Mystery']",6.6,2220,10000000,30832137,632357
661,"tick, tick... BOOM!",2021,"['Drama', 'Music']",7.611,2213,0,0,537116
662,Spiral: From the Book of Saw,2021,"['Horror', 'Mystery']",5.92,2179,20000000,40618920,602734
663,Army of Thieves,2021,"['Action', 'Crime', 'Comedy']",6.813,2176,30000000,46900000,796499
664,Escape Room: Tournament of Champions,2021,"['Horror', 'Thriller', 'Mystery']",6.5,2168,15000000,65774490,585216
665,Fear Street: 1978,2021,"['Horror', 'Mystery']",7.189,2110,0,0,591274
666,The Woman in the Window,2021,"['Crime', 'Mystery', 'Thriller']",5.988,2068,40000000,0,520663
667,The Green Knight,2021,"['Adventure', 'Drama', 'Fantasy']",6.606,2067,15000000,18887953,559907
668,Infinite,2021,"['Science Fiction', 'Action', 'Adventure']",6.59,2021,0,0,581726
669,To All the Boys: Always and Forever,2021,"['Romance', 'Comedy', 'Drama']",7.515,2008,0,0,614409
670,The Kissing Booth 3,2021,"['Romance', 'Comedy']",6.869,1975,0,0,727745
671,Ron's Gone Wrong,2021,"['Animation', 'Science Fiction', 'Family', 'Comedy']",7.9,1949,0,60692022,482321
672,The Unforgivable,2021,"['Drama', 'Crime']",7.409,1935,0,0,645886
673,Fear Street: 1666,2021,"['Mystery', 'Horror']",7.094,1896,0,0,591275
674,Reminiscence,2021,"['Mystery', 'Science Fiction']",6.541,1877,68000000,18717947,579047
675,Outside the Wire,2021,"['Thriller', 'Action', 'Science Fiction']",6.349,1862,0,0,775996
676,The Ice Road,2021,"['Action', 'Thriller']",6.8,1827,0,7502846,646207
677,Palmer,2021,['Drama'],8.138,1823,0,0,458220
678,Boss Level,2021,"['Action', 'Science Fiction', 'Thriller']",6.858,1783,45000000,2000000,513310
679,Clifford the Big Red Dog,2021,"['Family', 'Adventure', 'Comedy', 'Fantasy']",7.2,1779,64000000,107347356,585245
680,Minari,2021,['Drama'],7.3,1757,2000000,12900000,615643
681,Spencer,2021,"['Drama', 'History']",6.8,1753,18000000,25246967,716612
682,Those Who Wish Me Dead,2021,"['Thriller', 'Action']",6.623,1756,20000000,23384502,578701
683,The Hand of God,2021,['Drama'],7.534,1726,13049974,167909,722778
684,West Side Story,2021,"['Drama', 'Romance', 'Crime']",7.0,1690,100000000,76016171,511809
685,The Marksman,2021,"['Action', 'Drama', 'Thriller']",6.802,1679,23000000,23076711,634528
686,Candyman,2021,"['Horror', 'Thriller']",5.998,1678,25000000,77411570,565028
687,Blood Red Sky,2021,"['Horror', 'Thriller', 'Action']",6.813,1647,17739525,0,760883
688,Snake Eyes: G.I. Joe Origins,2021,"['Action', 'Adventure']",6.47,1646,88000000,36964325,568620
689,The Worst Person in the World,2021,"['Drama', 'Romance', 'Comedy']",7.44,1641,5000000,12687507,660120
690,Judas and the Black Messiah,2021,"['Drama', 'History']",7.311,1634,26000000,6416063,583406
691,Kate,2021,"['Action', 'Thriller']",6.635,1622,25000000,0,597891
692,Pig,2021,"['Drama', 'Thriller']",6.649,1611,3000000,4638959,635731
693,Belfast,2021,"['Drama', 'History']",7.052,1610,11000000,49158343,777270
694,Titane,2021,"['Drama', 'Thriller', 'Horror']",6.33,1584,6600000,4982335,630240
695,Jujutsu Kaisen 0,2021,"['Animation', 'Action', 'Fantasy']",8.119,1577,0,195870885,810693
696,Love Hard,2021,"['Comedy', 'Romance']",6.93,1546,0,0,734265
697,Fatherhood,2021,"['Drama', 'Comedy']",7.5,1481,0,0,607259
698,Oxygen,2021,"['Science Fiction', 'Thriller', 'Horror']",6.605,1478,0,0,471498
699,He's All That,2021,"['Comedy', 'Romance']",6.5,1443,0,0,347626
700,Avatar: The Way of Water,2022,"['Action', 'Adventure', 'Science Fiction']",7.611,13029,350000000,2330224914,76600
701,The Batman,2022,"['Crime', 'Mystery', 'Thriller']",7.7,11362,185000000,772319315,414906
702,Top Gun: Maverick,2022,"['Action', 'Drama']",8.166,10328,170000000,1488732821,361743
703,Doctor Strange in the Multiverse of Madness,2022,"['Fantasy', 'Action', 'Adventure']",7.239,9869,290000000,955775804,453395
704,Puss in Boots: The Last Wish,2022,"['Animation', 'Adventure', 'Fantasy', 'Comedy', 'Family']",8.209,8475,90000000,484700000,315162
705,Thor: Love and Thunder,2022,"['Fantasy', 'Action', 'Comedy']",6.392,8199,250000000,760900000,616037
706,Everything Everywhere All at Once,2022,"['Action', 'Adventure', 'Science Fiction']",7.729,7431,25000000,139200000,545611
707,Prey,2022,"['Thriller', 'Action', 'Science Fiction']",7.673,7336,65000000,0,766507
708,Black Panther: Wakanda Forever,2022,"['Action', 'Adventure', 'Science Fiction']",7.027,7098,250000000,859102154,505642
709,Bullet Train,2022,"['Action', 'Comedy', 'Thriller']",7.42,7035,90000000,239300000,718930
710,Black Adam,2022,"['Action', 'Adventure', 'Science Fiction']",6.834,6764,200000000,393452111,436270
711,Jurassic World Dominion,2022,"['Adventure', 'Action', 'Science Fiction']",6.6,6727,583900000,1004004592,507086
712,Uncharted,2022,"['Action', 'Adventure']",6.886,6486,120000000,407141258,335787
713,Glass Onion: A Knives Out Mystery,2022,"['Comedy', 'Crime', 'Mystery']",7.037,6174,40000000,15000000,661374
714,The Menu,2022,"['Comedy', 'Horror', 'Thriller']",7.2,5699,35000000,79628200,593643
715,Sonic the Hedgehog 2,2022,"['Action', 'Adventure', 'Family', 'Comedy']",7.448,5686,110000000,405421518,675353
716,Turning Red,2022,"['Animation', 'Family', 'Comedy', 'Fantasy']",7.33,5586,175000000,0,508947
717,The Black Phone,2022,"['Horror', 'Thriller']",7.551,5488,16000000,161441914,756999
718,Fantastic Beasts: The Secrets of Dumbledore,2022,"['Fantasy', 'Adventure']",6.636,4880,200000000,407200000,338953
719,The Northman,2022,"['Action', 'Adventure', 'Fantasy']",7.035,4767,70000000,69633110,639933
720,The Adam Project,2022,"['Adventure', 'Science Fiction', 'Action', 'Comedy']",7.006,4681,116000000,0,696806
721,Morbius,2022,"['Action', 'Science Fiction', 'Fantasy']",5.939,4631,75000000,167635712,526896
722,Nope,2022,"['Horror', 'Science Fiction']",6.826,4593,68000000,170823080,762504
723,M3GAN,2022,"['Science Fiction', 'Horror']",7.0,4551,12000000,181796517,536554
724,All Quiet on the Western Front,2022,"['War', 'History', 'Drama']",7.723,4372,20000000,0,49046
725,The Whale,2022,['Drama'],7.793,4355,3000000,55101305,785084
726,Fall,2022,['Thriller'],7.123,4312,3000000,17363261,985939
727,The Gray Man,2022,"['Action', 'Thriller']",6.923,3985,200000000,454023,725201
728,Death on the Nile,2022,"['Mystery', 'Crime', 'Thriller']",6.422,3976,90000000,137307235,505026
729,Minions: The Rise of Gru,2022,"['Family', 'Comedy', 'Adventure', 'Animation', 'Science Fiction', 'Fantasy']",7.285,3860,85000000,940203765,438148
730,The Lost City,2022,"['Action', 'Adventure', 'Comedy']",6.471,3830,74000000,192907684,752623
731,Smile,2022,"['Horror', 'Mystery']",6.667,3809,17000000,217408513,882598
732,X,2022,"['Horror', 'Thriller']",6.735,3717,1000000,15113105,760104
733,Elvis,2022,"['Drama', 'Music', 'History']",7.478,3710,85000000,288670284,614934
734,Lightyear,2022,"['Animation', 'Science Fiction', 'Family', 'Adventure']",6.896,3655,200000000,226425420,718789
735,Scream,2022,"['Horror', 'Mystery']",6.689,3611,24000000,137743924,646385
736,Babylon,2022,"['Drama', 'Comedy']",7.374,3528,78000000,65267446,615777
737,Harry Potter 20th Anniversary: Return to Hogwarts,2022,['Documentary'],7.306,3451,0,0,899082
738,Moonfall,2022,"['Science Fiction', 'Adventure', 'Action']",6.265,3390,146000000,67319703,406759
739,A Man Called Otto,2022,"['Comedy', 'Drama']",7.754,3292,50000000,108961677,937278
740,Through My Window,2022,"['Romance', 'Drama', 'Comedy']",7.363,3278,0,0,818647
741,Guillermo del Toro's Pinocchio,2022,"['Animation', 'Fantasy', 'Adventure', 'Drama']",8.042,3169,35000000,0,555604
742,The Banshees of Inisherin,2022,"['Drama', 'Comedy']",7.454,3114,20000000,49300000,674324
743,Barbarian,2022,"['Horror', 'Thriller']",6.841,2951,4500000,45400000,913290
744,Dragon Ball Super: Super Hero,2022,"['Animation', 'Science Fiction', 'Action']",7.887,2947,0,86600000,610150
745,Hotel Transylvania: Transformania,2022,"['Animation', 'Comedy', 'Family', 'Adventure', 'Fantasy']",7.051,2934,75000000,18500000,585083
746,Don't Worry Darling,2022,"['Science Fiction', 'Mystery', 'Thriller']",6.779,2777,35000000,86700000,619730
747,Purple Hearts,2022,"['Romance', 'Drama']",8.058,2771,0,0,762975
748,Hustle,2022,"['Drama', 'Comedy']",7.719,2707,21000000,0,705861
749,Triangle of Sadness,2022,"['Comedy', 'Drama']",7.028,2625,15600000,24733572,497828
750,The Fabelmans,2022,['Drama'],7.574,2587,40000000,45629909,804095
751,Sisu,2022,"['Action', 'War']",7.398,2476,6600000,14281199,840326
752,The Bad Guys,2022,"['Family', 'Comedy', 'Crime', 'Adventure', 'Animation', 'Action']",7.534,2378,80000000,250162278,629542
753,Pearl,2022,"['Horror', 'Thriller']",7.241,2377,1000000,10139416,949423
754,Violent Night,2022,"['Action', 'Comedy', 'Fantasy']",7.237,2377,20000000,75734910,899112
755,Terrifier 2,2022,"['Horror', 'Thriller']",6.7,2371,250000,15741780,663712
756,Ambulance,2022,"['Thriller', 'Action', 'Crime']",6.637,2301,40000000,52303589,763285
757,The Unbearable Weight of Massive Talent,2022,"['Action', 'Comedy', 'Crime']",6.8,2296,30000000,29116320,648579
758,The Woman King,2022,"['Action', 'Drama', 'History']",7.636,2265,50000000,97300000,724495
759,Orphan: First Kill,2022,"['Horror', 'Thriller']",6.613,2232,10000000,9572765,760161
760,The Guardians of the Galaxy Holiday Special,2022,"['Comedy', 'Science Fiction', 'Adventure']",7.101,2224,0,0,774752
761,Samaritan,2022,"['Science Fiction', 'Crime', 'Action']",6.673,2113,100000000,0,629176
762,Day Shift,2022,"['Action', 'Fantasy', 'Horror', 'Comedy', 'Thriller']",6.753,2098,100000000,0,755566
763,Where the Crawdads Sing,2022,"['Drama', 'Mystery', 'Romance']",7.544,2092,24000000,144353965,682507
764,The Pale Blue Eye,2022,"['Thriller', 'Crime', 'Horror', 'Mystery']",6.811,2030,72000000,0,800815
765,Halloween Ends,2022,"['Horror', 'Thriller']",6.066,1919,33000000,104374176,616820
766,Luck,2022,"['Animation', 'Adventure', 'Comedy', 'Fantasy']",7.749,1860,0,0,585511
767,Troll,2022,"['Fantasy', 'Action', 'Adventure']",6.586,1830,0,0,736526
768,365 Days: This Day,2022,"['Romance', 'Drama']",5.93,1783,0,0,829557
769,The Ice Age Adventures of Buck Wild,2022,"['Animation', 'Comedy', 'Family', 'Adventure']",6.592,1777,0,0,774825
770,Hocus Pocus 2,2022,"['Fantasy', 'Comedy', 'Family']",7.2,1773,30000000,0,642885
771,Fresh,2022,"['Horror', 'Thriller']",7.0,1772,0,0,787752
772,Amsterdam,2022,"['Mystery', 'Comedy', 'Drama']",6.063,1717,80000000,31245810,664469
773,Dog,2022,"['Drama', 'Comedy']",7.305,1692,20000000,84774243,626735
774,Pinocchio,2022,"['Fantasy', 'Adventure', 'Family']",6.309,1681,0,0,532639
775,Aftersun,2022,['Drama'],7.674,1670,0,7834405,965150
776,DC League of Super-Pets,2022,"['Family', 'Comedy', 'Adventure', 'Animation', 'Science Fiction']",7.179,1666,90000000,203000000,539681
777,Spiderhead,2022,"['Science Fiction', 'Thriller']",5.785,1665,0,0,615469
778,Beast,2022,"['Thriller', 'Action', 'Horror', 'Adventure']",6.543,1662,0,56000000,760741
779,Enola Holmes 2,2022,"['Adventure', 'Mystery', 'Crime']",7.3,1632,0,0,829280
780,The Sea Beast,2022,"['Animation', 'Adventure', 'Action', 'Family', 'Fantasy']",7.325,1608,0,0,560057
781,Memory,2022,"['Action', 'Thriller', 'Crime']",6.746,1595,30000000,13900000,818397
782,Suzume,2022,"['Animation', 'Drama', 'Adventure', 'Fantasy']",7.897,1584,0,323638107,916224
783,Texas Chainsaw Massacre,2022,['Horror'],5.21,1569,20000000,0,632727
784,Three Thousand Years of Longing,2022,"['Drama', 'Fantasy', 'Romance']",6.885,1561,60000000,20300000,556694
785,Deep Water,2022,"['Drama', 'Mystery', 'Thriller']",5.8,1529,49000000,0,619979
786,Bones and All,2022,"['Horror', 'Romance', 'Drama']",7.027,1518,16000000,15234907,791177
787,RRR,2022,"['Action', 'Adventure', 'Drama']",7.739,1471,69000000,160000000,579974
788,Blonde,2022,['Drama'],5.927,1459,22000000,0,301502
789,Werewolf by Night,2022,"['Action', 'Fantasy', 'Horror']",6.978,1430,0,0,894205
790,T√ÅR,2022,"['Music', 'Drama']",7.092,1425,35000000,29048571,817758
791,Thirteen Lives,2022,"['Drama', 'Thriller']",7.859,1398,55000000,0,698948
792,Decision to Leave,2022,"['Thriller', 'Mystery', 'Romance']",7.336,1368,0,16914773,705996
793,Strange World,2022,"['Animation', 'Family', 'Adventure', 'Science Fiction', 'Fantasy']",6.255,1363,180000000,73621640,877269
794,The Good Nurse,2022,"['Drama', 'Crime', 'Mystery']",6.874,1354,0,0,541134
795,Bodies Bodies Bodies,2022,"['Horror', 'Comedy', 'Mystery']",6.174,1346,3000000,13900000,520023
796,Ticket to Paradise,2022,"['Drama', 'Comedy', 'Romance']",6.43,1338,20000000,168800000,800939
797,The School for Good and Evil,2022,"['Fantasy', 'Comedy', 'Adventure', 'Drama']",7.051,1325,0,0,779782
798,After Ever Happy,2022,"['Romance', 'Drama']",6.79,1325,14000000,19238073,744276
799,Chip 'n Dale: Rescue Rangers,2022,"['Animation', 'Family', 'Comedy', 'Adventure', 'Mystery']",7.0,1312,70000000,623190,420821
800,Oppenheimer,2023,"['Drama', 'History']",8.046,10939,100000000,952000000,872585
801,Barbie,2023,"['Comedy', 'Adventure']",6.946,10451,145000000,1447138421,346698
802,The Super Mario Bros. Movie,2023,"['Family', 'Comedy', 'Adventure', 'Animation', 'Fantasy']",7.604,10052,100000000,1362000000,502356
803,Spider-Man: Across the Spider-Verse,2023,"['Animation', 'Action', 'Adventure', 'Science Fiction']",8.3,8018,100000000,690897910,569094
804,Guardians of the Galaxy Vol. 3,2023,"['Science Fiction', 'Adventure', 'Action', 'Comedy']",7.932,7779,250000000,845550000,447365
805,John Wick: Chapter 4,2023,"['Action', 'Thriller', 'Crime']",7.716,7470,100000000,440157245,603692
806,Fast X,2023,"['Action', 'Crime', 'Thriller', 'Adventure', 'Mystery']",7.017,6099,340000000,704709660,385687
807,Ant-Man and the Wasp: Quantumania,2023,"['Action', 'Adventure', 'Science Fiction']",6.257,5503,200000000,476071180,640146
808,Transformers: Rise of the Beasts,2023,"['Science Fiction', 'Adventure', 'Action']",7.203,5067,195000000,441381193,667538
809,Poor Things,2023,"['Science Fiction', 'Romance', 'Comedy']",7.661,5059,35000000,117607117,792307
810,Elemental,2023,"['Family', 'Fantasy', 'Comedy', 'Romance', 'Animation']",7.594,5024,200000000,496444308,976573
811,The Flash,2023,"['Action', 'Science Fiction', 'Adventure']",6.621,4751,220000000,271333313,298618
812,Mission: Impossible - Dead Reckoning Part One,2023,"['Action', 'Thriller']",7.5,4710,291000000,571125435,575264
813,Five Nights at Freddy's,2023,"['Horror', 'Thriller']",7.373,4618,20000000,297144130,507089
814,Dungeons & Dragons: Honor Among Thieves,2023,"['Adventure', 'Fantasy', 'Comedy']",7.332,4228,151000000,208200000,493529
815,Wonka,2023,"['Comedy', 'Family', 'Fantasy']",7.054,4115,125000000,634502312,787699
816,My Fault,2023,"['Drama', 'Romance', 'Thriller']",7.764,3918,0,0,1010581
817,Indiana Jones and the Dial of Destiny,2023,"['Adventure', 'Action']",6.534,3856,294700000,383963057,335977
818,Killers of the Flower Moon,2023,"['Crime', 'History', 'Drama']",7.409,3829,200000000,158722599,466420
819,Meg 2: The Trench,2023,"['Action', 'Science Fiction', 'Horror']",6.405,3775,129000000,384056482,615656
820,No Hard Feelings,2023,"['Comedy', 'Romance']",6.7,3567,45000000,83000000,884605
821,The Creator,2023,"['Science Fiction', 'Action', 'Adventure']",7.027,3555,80000000,104272136,670292
822,Talk to Me,2023,['Horror'],7.142,3483,4500000,91959188,1008042
823,Shazam! Fury of the Gods,2023,"['Comedy', 'Action', 'Fantasy']",6.447,3473,110000000,134221819,594767
824,The Equalizer 3,2023,"['Action', 'Thriller', 'Crime']",7.295,3466,70000000,191067560,926393
825,Evil Dead Rise,2023,"['Horror', 'Thriller']",6.923,3432,15000000,147156372,713704
826,Society of the Snow,2023,"['Drama', 'History']",7.985,3296,65500000,1281,906126
827,Aquaman and the Lost Kingdom,2023,"['Action', 'Adventure', 'Fantasy']",6.566,3264,205000000,440181226,572802
828,The Hunger Games: The Ballad of Songbirds & Snakes,2023,"['Drama', 'Science Fiction', 'Action']",7.0,3256,100000000,337371917,695721
829,The Little Mermaid,2023,"['Adventure', 'Family', 'Fantasy', 'Romance']",6.29,3178,297000000,569626289,447277
830,Gran Turismo,2023,"['Adventure', 'Action', 'Drama']",7.739,3153,60000000,121700000,980489
831,The Marvels,2023,"['Science Fiction', 'Adventure', 'Action']",5.965,3150,274800000,206136825,609681
832,The Pope's Exorcist,2023,"['Horror', 'Thriller']",6.936,3006,18000000,76987621,758323
833,Anatomy of a Fall,2023,"['Thriller', 'Mystery', 'Crime']",7.537,3003,6700000,35634133,915935
834,Leave the World Behind,2023,"['Drama', 'Mystery', 'Thriller']",6.378,2969,0,0,726209
835,Blue Beetle,2023,"['Action', 'Science Fiction', 'Adventure']",6.66,2940,104000000,130788072,565770
836,Scream VI,2023,"['Horror', 'Crime', 'Thriller']",6.975,2936,35000000,168961389,934433
837,Guy Ritchie's The Covenant,2023,"['War', 'Action', 'Thriller']",7.732,2935,55000000,21948551,882569
838,Knock at the Cabin,2023,"['Horror', 'Mystery', 'Thriller']",6.255,2933,20000000,54700000,631842
839,Napoleon,2023,"['History', 'War', 'Romance']",6.318,2897,165000000,220597098,753342
840,Godzilla Minus One,2023,"['Science Fiction', 'Horror', 'Action']",7.592,2868,15000000,113676322,940721
841,Anyone But You,2023,"['Romance', 'Comedy']",6.833,2785,25000000,214891370,1072790
842,Creed III,2023,"['Drama', 'Action']",7.092,2743,75000000,275300000,677179
843,Extraction 2,2023,"['Action', 'Thriller', 'Crime']",7.406,2711,65000000,0,697843
844,Saltburn,2023,"['Drama', 'Comedy', 'Thriller']",6.965,2688,20000000,21013738,930564
845,65,2023,"['Action', 'Adventure', 'Science Fiction']",5.965,2677,45000000,60730568,700391
846,A Haunting in Venice,2023,"['Mystery', 'Thriller', 'Crime']",6.585,2640,60000000,121400000,945729
847,Sound of Freedom,2023,"['Action', 'Drama']",7.979,2629,14500000,250600000,678512
848,The Killer,2023,"['Crime', 'Thriller']",6.58,2554,175000000,362113,800158
849,Plane,2023,"['Action', 'Adventure', 'Thriller']",6.908,2502,25000000,74515586,646389
850,Rebel Moon - Part One: A Child of Fire,2023,"['Science Fiction', 'Action', 'Adventure']",6.239,2410,83000000,0,848326
851,The Boy and the Heron,2023,"['Animation', 'Adventure', 'Fantasy', 'Family', 'Drama']",7.4,2384,50000000,294200000,508883
852,The Zone of Interest,2023,"['Drama', 'History']",7.0,2348,15000000,52631884,467244
853,The Nun II,2023,['Horror'],6.676,2347,38500000,269670590,968051
854,Cocaine Bear,2023,"['Thriller', 'Comedy', 'Crime']",6.022,2284,32500000,88314672,804150
855,Asteroid City,2023,"['Comedy', 'Drama']",6.4,2281,25000000,53857743,747188
856,Saw X,2023,"['Horror', 'Mystery']",7.195,2212,13000000,125319714,951491
857,The Holdovers,2023,"['Comedy', 'Drama']",7.652,2207,13000000,42513270,840430
858,Air,2023,"['Drama', 'History']",7.301,2192,80000000,90100000,964980
859,Migration,2023,"['Family', 'Comedy', 'Adventure', 'Animation']",7.381,2124,72000000,298776052,940551
860,Past Lives,2023,"['Drama', 'Romance']",7.718,2078,12000000,28126646,666277
861,Ghosted,2023,"['Action', 'Comedy', 'Romance']",6.917,2038,40000000,0,868759
862,Renfield,2023,"['Comedy', 'Fantasy', 'Horror']",6.462,1995,65000000,26874347,649609
863,Insidious: The Red Door,2023,"['Horror', 'Thriller']",6.5,1869,16000000,189086877,614479
864,Murder Mystery 2,2023,"['Mystery', 'Comedy', 'Crime']",6.391,1856,0,0,638974
865,Heart of Stone,2023,"['Thriller', 'Action']",6.759,1819,0,0,724209
866,The Last Voyage of the Demeter,2023,"['Horror', 'Fantasy']",6.746,1812,45000000,21600000,635910
867,Operation Fortune: Ruse de Guerre,2023,"['Action', 'Comedy', 'Thriller']",6.5,1769,50000000,48983306,739405
868,Expend4bles,2023,"['Action', 'Adventure', 'Thriller']",6.092,1762,100000000,37917985,299054
869,Wish,2023,"['Animation', 'Family', 'Fantasy', 'Adventure']",6.276,1684,175000000,254997360,1022796
870,Perfect Days,2023,['Drama'],7.774,1653,14000000,24094016,976893
871,The Family Plan,2023,"['Action', 'Comedy', 'Family']",7.242,1651,0,0,1029575
872,Tetris,2023,"['Thriller', 'History', 'Drama']",7.662,1566,0,0,726759
873,Winnie the Pooh: Blood and Honey,2023,"['Horror', 'Thriller']",4.994,1510,100000,7717044,980078
874,Teenage Mutant Ninja Turtles: Mutant Mayhem,2023,"['Animation', 'Comedy', 'Action', 'Science Fiction']",7.211,1487,75000000,180513586,614930
875,Nowhere,2023,"['Thriller', 'Drama']",7.336,1486,0,0,1151534
876,"Red, White & Royal Blue",2023,"['Comedy', 'Romance']",7.948,1453,0,0,930094
877,Thanksgiving,2023,"['Horror', 'Mystery']",6.483,1449,15000000,46553280,1071215
878,There's Still Tomorrow,2023,"['Drama', 'Comedy', 'History']",8.105,1440,9000000,50121593,1026227
879,Hypnotic,2023,"['Mystery', 'Science Fiction', 'Thriller', 'Action', 'Drama']",6.207,1377,70000000,16014123,536437
880,The Mother,2023,"['Action', 'Thriller']",6.627,1352,0,0,552688
881,No One Will Save You,2023,"['Horror', 'Science Fiction']",6.679,1337,22800000,0,820609
882,The Three Musketeers: D'Artagnan,2023,"['Adventure', 'Action', 'Drama', 'History']",6.938,1321,27500000,31843086,796185
883,When Evil Lurks,2023,"['Horror', 'Thriller']",7.21,1302,0,2090252,744857
884,Retribution,2023,"['Thriller', 'Action', 'Adventure']",6.564,1297,20000000,18685751,762430
885,Leo,2023,"['Animation', 'Comedy', 'Family']",7.392,1281,0,0,1075794
886,Nimona,2023,"['Animation', 'Family', 'Action', 'Science Fiction', 'Adventure', 'Fantasy', 'Comedy']",7.867,1270,0,0,961323
887,Dogman,2023,"['Action', 'Drama', 'Crime']",7.877,1265,0,4082217,944401
888,Knights of the Zodiac,2023,"['Fantasy', 'Action', 'Adventure', 'Science Fiction']",6.312,1240,60000000,7000000,455476
889,The Wonderful Story of Henry Sugar,2023,"['Comedy', 'Fantasy', 'Adventure']",7.241,1228,0,0,923939
890,Beau Is Afraid,2023,"['Comedy', 'Adventure', 'Fantasy']",6.719,1221,35000000,12337378,798286
891,American Fiction,2023,"['Comedy', 'Drama']",7.284,1208,16000000,22483370,1056360
892,To Catch a Killer,2023,"['Thriller', 'Crime', 'Drama']",6.867,1206,0,3138750,605886
893,The Exorcist: Believer,2023,"['Horror', 'Thriller']",5.828,1196,30000000,136284218,807172
894,Missing,2023,"['Drama', 'Mystery', 'Thriller']",7.41,1186,7000000,45100756,768362
895,Haunted Mansion,2023,"['Comedy', 'Drama', 'Fantasy']",6.439,1168,157800000,117449790,616747
896,Kandahar,2023,"['Action', 'Thriller', 'War']",6.808,1162,30000000,9400000,717930
897,Ferrari,2023,"['History', 'Drama']",6.374,1161,95000000,39220516,365620
898,Dream Scenario,2023,"['Comedy', 'Fantasy']",6.652,1153,10000000,14114415,823482
899,Asterix & Obelix: The Middle Kingdom,2023,"['Family', 'Comedy', 'Adventure']",4.837,1119,72000000,46497678,643215
900,Deadpool & Wolverine,2024,"['Action', 'Comedy', 'Science Fiction']",7.57,7919,200000000,1338073645,533535
901,Dune: Part Two,2024,"['Science Fiction', 'Adventure']",8.132,7187,190000000,714844358,693134
902,Inside Out 2,2024,"['Animation', 'Adventure', 'Comedy', 'Family']",7.552,6241,200000000,1698863816,1022789
903,The Wild Robot,2024,"['Animation', 'Science Fiction', 'Family', 'Adventure', 'Drama']",8.318,5482,78000000,331982078,1184918
904,The Substance,2024,"['Drama', 'Horror', 'Science Fiction']",7.14,5329,17500000,76506196,933260
905,Furiosa: A Mad Max Saga,2024,"['Action', 'Science Fiction', 'Adventure']",7.459,4482,168000000,174287546,786892
906,Godzilla x Kong: The New Empire,2024,"['Action', 'Adventure', 'Science Fiction']",7.076,4393,150000000,571750016,823464
907,Alien: Romulus,2024,"['Horror', 'Science Fiction']",7.176,4082,80000000,350865342,945961
908,Gladiator II,2024,"['Action', 'Adventure', 'Drama']",6.656,3981,310000000,462180717,558449
909,Kingdom of the Planet of the Apes,2024,"['Science Fiction', 'Adventure', 'Action']",7.057,3958,160000000,397378150,653346
910,Civil War,2024,"['War', 'Action', 'Drama']",6.85,3919,50000000,126542249,929590
911,The Beekeeper,2024,"['Action', 'Crime', 'Thriller']",7.277,3865,35000000,152720535,866398
912,Venom: The Last Dance,2024,"['Action', 'Science Fiction', 'Adventure']",6.685,3837,120000000,478937618,912649
913,The Fall Guy,2024,"['Action', 'Comedy', 'Romance']",6.984,3295,125000000,181073291,746036
914,Kung Fu Panda 4,2024,"['Animation', 'Family', 'Action', 'Comedy', 'Adventure', 'Fantasy']",7.031,3272,80000000,548040835,1011985
915,Nosferatu,2024,"['Horror', 'Fantasy']",6.693,3227,50000000,181764515,426063
916,Bad Boys: Ride or Die,2024,"['Action', 'Comedy', 'Crime', 'Thriller', 'Adventure']",7.346,3110,100000000,404547819,573435
917,A Quiet Place: Day One,2024,"['Horror', 'Science Fiction', 'Thriller']",6.685,3016,67000000,261907653,762441
918,Sonic the Hedgehog 3,2024,"['Action', 'Science Fiction', 'Comedy', 'Family']",7.6,3007,122000000,492162604,939243
919,Conclave,2024,"['Drama', 'Thriller']",7.202,2999,20000000,115657988,974576
920,Despicable Me 4,2024,"['Family', 'Comedy', 'Animation', 'Science Fiction']",7.015,2969,100000000,969597394,519182
921,Beetlejuice Beetlejuice,2024,"['Comedy', 'Fantasy', 'Horror']",6.962,2842,99000000,452000435,917496
922,Moana 2,2024,"['Family', 'Comedy', 'Adventure', 'Animation', 'Fantasy']",7.026,2779,150000000,1059242164,1241982
923,Road House,2024,"['Action', 'Thriller']",6.939,2754,85000000,0,359410
924,Anora,2024,"['Drama', 'Comedy', 'Romance']",7.1,2724,6000000,56286295,1064213
925,Red One,2024,"['Action', 'Comedy', 'Fantasy']",7.0,2712,250000000,185700759,845781
926,Twisters,2024,"['Action', 'Thriller']",6.793,2696,155000000,372262265,718821
927,Joker: Folie √† Deux,2024,"['Drama', 'Crime', 'Thriller']",5.41,2667,190000000,207500287,889737
928,Damsel,2024,"['Fantasy', 'Action', 'Adventure']",7.0,2585,60000000,5000,763215
929,Wicked,2024,"['Drama', 'Romance', 'Fantasy']",6.909,2524,150000000,756443397,402431
930,Trap,2024,"['Crime', 'Horror', 'Mystery', 'Thriller']",6.263,2512,30000000,83677281,1032823
931,Carry-On,2024,"['Thriller', 'Action']",6.889,2475,47000000,0,1005331
932,Mufasa: The Lion King,2024,"['Adventure', 'Family', 'Animation']",7.358,2430,200000000,722631756,762509
933,Flow,2024,"['Animation', 'Adventure', 'Fantasy', 'Family']",8.13,2430,3700000,17660107,823219
934,Challengers,2024,"['Drama', 'Romance']",6.937,2426,55000000,94182533,937287
935,Madame Web,2024,"['Action', 'Fantasy']",5.32,2382,80000000,100498764,634492
936,Longlegs,2024,"['Crime', 'Horror', 'Thriller']",6.567,2323,10000000,127961936,1226578
937,Heretic,2024,"['Horror', 'Thriller']",6.975,2270,10000000,51913394,1138194
938,Juror #2,2024,"['Drama', 'Thriller']",6.872,2189,30000000,21418477,1106739
939,Kraven the Hunter,2024,"['Action', 'Adventure', 'Thriller']",6.469,2088,130000000,62076533,539972
940,Ghostbusters: Frozen Empire,2024,"['Fantasy', 'Adventure', 'Comedy']",6.482,1967,100000000,201967521,967847
941,Smile 2,2024,"['Horror', 'Mystery']",6.6,1883,28000000,138128854,1100782
942,Late Night with the Devil,2024,['Horror'],7.11,1862,2000000,15469415,938614
943,Emilia P√©rez,2024,"['Drama', 'Thriller']",6.511,1832,26000000,16302703,974950
944,The Count of Monte Cristo,2024,"['Adventure', 'Action', 'Drama']",7.956,1814,46000000,75360860,1084736
945,The Idea of You,2024,"['Romance', 'Drama', 'Comedy']",7.332,1805,0,36178,843527
946,Terrifier 3,2024,"['Horror', 'Thriller']",6.8,1797,2000000,90322103,1034541
947,Speak No Evil,2024,"['Horror', 'Thriller']",7.188,1784,15000000,76756109,1114513
948,Abigail,2024,"['Horror', 'Thriller', 'Crime', 'Action', 'Comedy']",6.7,1774,28000000,43015969,1111873
949,It Ends with Us,2024,"['Drama', 'Romance']",6.968,1750,25000000,350993761,1079091
950,Blink Twice,2024,"['Mystery', 'Thriller']",6.682,1664,20000000,46393906,840705
951,The Ministry of Ungentlemanly Warfare,2024,"['Action', 'Comedy', 'War']",7.033,1661,60000000,29768915,799583
952,Argylle,2024,"['Action', 'Adventure', 'Comedy']",6.022,1592,200000000,96221061,848538
953,Immaculate,2024,"['Horror', 'Mystery', 'Thriller']",6.2,1511,9000000,35340015,1041613
954,Rebel Ridge,2024,"['Crime', 'Action', 'Thriller']",6.997,1461,0,0,646097
955,IF,2024,"['Comedy', 'Fantasy', 'Family']",7.022,1457,110000000,190309707,639720
956,Atlas,2024,"['Science Fiction', 'Action']",6.7,1452,100000000,0,614933
957,Your Fault,2024,"['Drama', 'Romance']",7.134,1452,0,0,1156593
958,Hit Man,2024,"['Comedy', 'Romance', 'Crime']",6.794,1432,8800000,5101673,974635
959,Transformers One,2024,"['Animation', 'Science Fiction', 'Adventure', 'Family']",8.021,1430,75000000,129408392,698687
960,The Watchers,2024,"['Fantasy', 'Horror', 'Mystery']",6.376,1420,30000000,51147812,1086747
961,The Brutalist,2024,"['Drama', 'History']",7.0,1393,9600000,50145227,549509
962,Lift,2024,"['Action', 'Comedy', 'Crime']",6.44,1370,0,0,955916
963,Rebel Moon - Part Two: The Scargiver,2024,"['Science Fiction', 'Action', 'Adventure']",6.1,1360,83000000,0,934632
964,Land of Bad,2024,"['Action', 'War', 'Thriller']",7.271,1360,18000000,7021101,969492
965,The Garfield Movie,2024,"['Family', 'Comedy', 'Adventure', 'Animation']",7.028,1351,60000000,254907482,748783
966,Under Paris,2024,"['Action', 'Horror']",5.9,1347,0,0,1001311
967,Borderlands,2024,"['Action', 'Science Fiction', 'Comedy']",5.618,1334,115000000,33017367,365177
968,Beverly Hills Cop: Axel F,2024,"['Action', 'Comedy', 'Crime']",6.7,1325,150000000,0,280180
969,The Platform 2,2024,"['Science Fiction', 'Horror', 'Thriller']",5.547,1309,0,0,1125510
970,Tarot,2024,['Horror'],6.4,1294,8000000,49256239,719221
971,MaXXXine,2024,"['Horror', 'Thriller']",6.32,1284,10000000,22057161,1023922
972,Wolfs,2024,"['Crime', 'Comedy', 'Action']",6.546,1267,80000000,0,877817
973,Monkey Man,2024,"['Action', 'Thriller']",6.878,1249,10000000,35271631,560016
974,A Complete Unknown,2024,"['Drama', 'Music']",7.114,1247,65000000,138003641,661539
975,A Real Pain,2024,"['Comedy', 'Drama']",6.76,1200,3000000,24856027,1013850
976,The First Omen,2024,['Horror'],6.85,1187,30000000,53992802,437342
977,Apocalypse Z: The Beginning of the End,2024,"['Drama', 'Action', 'Horror']",6.724,1167,0,500000,1118031
978,The Crow,2024,"['Action', 'Fantasy', 'Horror']",5.817,1154,50000000,24109036,957452
979,Kinds of Kindness,2024,"['Drama', 'Comedy']",6.483,1123,15000000,16398509,1029955
980,We Live in Time,2024,"['Romance', 'Drama']",7.256,1101,20000000,37182814,1100099
981,No Way Up,2024,"['Thriller', 'Horror', 'Action']",6.3,1072,0,0,1096197
982,The Union,2024,"['Action', 'Comedy']",6.112,1058,0,0,704239
983,Fly Me to the Moon,2024,"['Romance', 'Comedy']",6.806,1028,100000000,42260534,956842
984,The Bikeriders,2024,"['Crime', 'Drama']",6.7,1002,40000000,36110860,1008409
985,Babygirl,2024,"['Drama', 'Romance']",5.729,999,20000000,60934894,1097549
986,Spaceman,2024,"['Science Fiction', 'Adventure', 'Drama']",6.717,958,40000000,0,636706
987,Upgraded,2024,"['Romance', 'Comedy']",7.186,947,0,0,1014590
988,The Tearsmith,2024,"['Romance', 'Drama']",6.517,918,7000000,0,1127166
989,Beating Hearts,2024,"['Romance', 'Crime', 'Drama']",7.194,915,37315205,36010728,959604
990,Megalopolis,2024,"['Science Fiction', 'Drama']",5.169,899,120000000,14387154,592831
991,Bob Marley: One Love,2024,"['Music', 'History', 'Drama']",6.648,898,70000000,180828556,802219
992,Woman of the Hour,2024,"['Crime', 'Drama', 'Thriller']",6.422,896,836057,0,835113
993,Don't Move,2024,"['Horror', 'Thriller']",6.337,895,0,0,1063877
994,Subservience,2024,"['Science Fiction', 'Horror', 'Thriller']",6.641,887,4400000,262793,1064028
995,Miller's Girl,2024,"['Thriller', 'Drama', 'Romance']",6.348,880,4000000,1430985,1026436
996,I'm Still Here,2024,"['Drama', 'History']",7.951,861,1480000,36109482,1000837
997,Love Lies Bleeding,2024,"['Crime', 'Romance', 'Thriller', 'Drama']",6.572,856,10000000,12778225,948549
998,Arthur the King,2024,"['Adventure', 'Drama']",7.577,855,19000000,40829138,618588
999,Uglies,2024,"['Science Fiction', 'Adventure', 'Action']",5.753,853,0,0,748167
